-- MySQL dump 10.13  Distrib 8.0.32, for Win64 (x86_64)
--
-- Host: localhost    Database: hq_db
-- ------------------------------------------------------
-- Server version	8.0.32

/*!40101 SET @OLD_CHARACTER_SET_CLIENT=@@CHARACTER_SET_CLIENT */;
/*!40101 SET @OLD_CHARACTER_SET_RESULTS=@@CHARACTER_SET_RESULTS */;
/*!40101 SET @OLD_COLLATION_CONNECTION=@@COLLATION_CONNECTION */;
/*!50503 SET NAMES utf8 */;
/*!40103 SET @OLD_TIME_ZONE=@@TIME_ZONE */;
/*!40103 SET TIME_ZONE='+00:00' */;
/*!40014 SET @OLD_UNIQUE_CHECKS=@@UNIQUE_CHECKS, UNIQUE_CHECKS=0 */;
/*!40014 SET @OLD_FOREIGN_KEY_CHECKS=@@FOREIGN_KEY_CHECKS, FOREIGN_KEY_CHECKS=0 */;
/*!40101 SET @OLD_SQL_MODE=@@SQL_MODE, SQL_MODE='NO_AUTO_VALUE_ON_ZERO' */;
/*!40111 SET @OLD_SQL_NOTES=@@SQL_NOTES, SQL_NOTES=0 */;

--
-- Table structure for table `Answers`
--

DROP TABLE IF EXISTS `Answers`;
/*!40101 SET @saved_cs_client     = @@character_set_client */;
/*!50503 SET character_set_client = utf8mb4 */;
CREATE TABLE `Answers` (
  `id` int NOT NULL AUTO_INCREMENT,
  `content` varchar(255) DEFAULT NULL,
  `questionId` int DEFAULT NULL,
  `correct` tinyint(1) DEFAULT NULL,
  `image` varchar(255) DEFAULT NULL,
  `createdAt` datetime NOT NULL,
  `updatedAt` datetime NOT NULL,
  `deletedAt` datetime DEFAULT NULL,
  PRIMARY KEY (`id`),
  KEY `questionId` (`questionId`),
  CONSTRAINT `Answers_ibfk_1` FOREIGN KEY (`questionId`) REFERENCES `Questions` (`id`) ON DELETE CASCADE
) ENGINE=InnoDB DEFAULT CHARSET=utf8mb4 COLLATE=utf8mb4_0900_ai_ci;
/*!40101 SET character_set_client = @saved_cs_client */;

--
-- Dumping data for table `Answers`
--

LOCK TABLES `Answers` WRITE;
/*!40000 ALTER TABLE `Answers` DISABLE KEYS */;
/*!40000 ALTER TABLE `Answers` ENABLE KEYS */;
UNLOCK TABLES;

--
-- Table structure for table `Careers`
--

DROP TABLE IF EXISTS `Careers`;
/*!40101 SET @saved_cs_client     = @@character_set_client */;
/*!50503 SET character_set_client = utf8mb4 */;
CREATE TABLE `Careers` (
  `id` int NOT NULL AUTO_INCREMENT,
  `name` varchar(255) DEFAULT NULL,
  `description` text,
  `facultyId` int DEFAULT NULL,
  `universityId` int DEFAULT NULL,
  `createdAt` datetime NOT NULL,
  `updatedAt` datetime NOT NULL,
  `deletedAt` datetime DEFAULT NULL,
  PRIMARY KEY (`id`),
  KEY `facultyId` (`facultyId`),
  KEY `universityId` (`universityId`),
  CONSTRAINT `Careers_ibfk_1` FOREIGN KEY (`facultyId`) REFERENCES `Faculties` (`id`),
  CONSTRAINT `Careers_ibfk_2` FOREIGN KEY (`universityId`) REFERENCES `Universities` (`id`)
) ENGINE=InnoDB AUTO_INCREMENT=54 DEFAULT CHARSET=utf8mb4 COLLATE=utf8mb4_0900_ai_ci;
/*!40101 SET character_set_client = @saved_cs_client */;

--
-- Dumping data for table `Careers`
--

LOCK TABLES `Careers` WRITE;
/*!40000 ALTER TABLE `Careers` DISABLE KEYS */;
INSERT INTO `Careers` VALUES (1,'Arquitectura',NULL,1,1,'2023-09-21 11:06:17','2023-09-21 11:06:17',NULL),(2,'Diseño Industrial',NULL,1,1,'2023-09-21 11:06:17','2023-09-21 11:06:17',NULL),(3,'Contador/a Público/a',NULL,2,1,'2023-09-21 11:06:17','2023-09-21 11:06:17',NULL),(4,'Lic. en Administración',NULL,2,1,'2023-09-21 11:06:17','2023-09-21 11:06:17',NULL),(5,'Lic. en Economía',NULL,2,1,'2023-09-21 11:06:17','2023-09-21 11:06:17',NULL),(6,'Prof. en Ciencias Económicas',NULL,2,1,'2023-09-21 11:06:17','2023-09-21 11:06:17',NULL),(7,'Lic. en Gestión Universitaria',NULL,2,1,'2023-09-21 11:06:17','2023-09-21 11:06:17',NULL),(8,'Ing. Mecánica',NULL,3,1,'2023-09-21 11:06:17','2023-09-21 11:06:17',NULL),(9,'Ing. Electrónica',NULL,3,1,'2023-09-21 11:06:17','2023-09-21 11:06:17',NULL),(10,'Ing. Civil',NULL,3,1,'2023-09-21 11:06:17','2023-09-21 11:06:17',NULL),(11,'Ing. Industrial',NULL,3,1,'2023-09-21 11:06:17','2023-09-21 11:06:17',NULL),(12,'Ing. en Computación',NULL,3,1,'2023-09-21 11:06:17','2023-09-21 11:06:17',NULL),(13,'Prof. en Ciencias Biológicas',NULL,3,1,'2023-09-21 11:06:17','2023-09-21 11:06:17',NULL),(14,'Ciencias Biolócias',NULL,3,1,'2023-09-21 11:06:17','2023-09-21 11:06:17',NULL),(15,'Ciencias Geológicas',NULL,3,1,'2023-09-21 11:06:17','2023-09-21 11:06:17',NULL),(16,'Ing. en Agrimensura',NULL,3,1,'2023-09-21 11:06:17','2023-09-21 11:06:17',NULL),(17,'Ing. Aeronáutica',NULL,3,1,'2023-09-21 11:06:17','2023-09-21 11:06:17',NULL),(18,'Ing. Biomédica',NULL,3,1,'2023-09-21 11:06:17','2023-09-21 11:06:17',NULL),(19,'Constructor',NULL,3,1,'2023-09-21 11:06:17','2023-09-21 11:06:17',NULL),(20,'Ing. Ambiental',NULL,3,1,'2023-09-21 11:06:17','2023-09-21 11:06:17',NULL),(21,'Ing. Química',NULL,3,1,'2023-09-21 11:06:17','2023-09-21 11:06:17',NULL),(22,'Ing. Electromecánica',NULL,3,1,'2023-09-21 11:06:17','2023-09-21 11:06:17',NULL),(23,'Técnico Mecánico Electricista',NULL,3,1,'2023-09-21 11:06:17','2023-09-21 11:06:17',NULL),(24,'Medicina',NULL,4,1,'2023-09-21 11:06:17','2023-09-21 11:06:17',NULL),(25,'Enfermería',NULL,4,1,'2023-09-21 11:06:17','2023-09-21 11:06:17',NULL),(26,'Fonoaudiología',NULL,4,1,'2023-09-21 11:06:17','2023-09-21 11:06:17',NULL),(27,'Kinesiología y Fisioterapia',NULL,4,1,'2023-09-21 11:06:17','2023-09-21 11:06:17',NULL),(28,'Nutrición',NULL,4,1,'2023-09-21 11:06:17','2023-09-21 11:06:17',NULL),(29,'Tecnología Médica',NULL,4,1,'2023-09-21 11:06:17','2023-09-21 11:06:17',NULL),(30,'Bioquímica',NULL,5,1,'2023-09-21 11:06:17','2023-09-21 11:06:17',NULL),(31,'Farmacia',NULL,5,1,'2023-09-21 11:06:17','2023-09-21 11:06:17',NULL),(32,'Lic. en Química',NULL,5,1,'2023-09-21 11:06:17','2023-09-21 11:06:17',NULL),(33,'Lic. en Biotecnología',NULL,5,1,'2023-09-21 11:06:17','2023-09-21 11:06:17',NULL),(34,'Lic. en Matemática',NULL,6,1,'2023-09-21 11:06:17','2023-09-21 11:06:17',NULL),(35,'Lic. en Física',NULL,6,1,'2023-09-21 11:06:17','2023-09-21 11:06:17',NULL),(36,'Lic. en Astronomía',NULL,6,1,'2023-09-21 11:06:17','2023-09-21 11:06:17',NULL),(37,'Lic. en Ciencias de la Computación',NULL,6,1,'2023-09-21 11:06:17','2023-09-21 11:06:17',NULL),(38,'Prof. en Matemática',NULL,6,1,'2023-09-21 11:06:17','2023-09-21 11:06:17',NULL),(39,'Prof. en Física',NULL,6,1,'2023-09-21 11:06:17','2023-09-21 11:06:17',NULL),(40,'Analista en Computación',NULL,6,1,'2023-09-21 11:06:17','2023-09-21 11:06:17',NULL),(41,'Lic. en Matemática Aplicada',NULL,6,1,'2023-09-21 11:06:17','2023-09-21 11:06:17',NULL),(42,'Tec. Universitaria en Matemática Aplicada',NULL,6,1,'2023-09-21 11:06:17','2023-09-21 11:06:17',NULL),(43,'Medicina',NULL,7,2,'2023-09-21 11:06:17','2023-09-21 11:06:17',NULL),(44,'Enfermería Universitaria',NULL,7,2,'2023-09-21 11:06:17','2023-09-21 11:06:17',NULL),(45,'Lic. en Higiene y Seguridad en el Trabajo',NULL,7,2,'2023-09-21 11:06:17','2023-09-21 11:06:17',NULL),(46,'Tec. en Anestesia',NULL,7,2,'2023-09-21 11:06:17','2023-09-21 11:06:17',NULL),(47,'Tec. en Diagnóstico por Imágenes',NULL,7,2,'2023-09-21 11:06:17','2023-09-21 11:06:17',NULL),(48,'Tec. Universitaria en Hemoterapia',NULL,7,2,'2023-09-21 11:06:17','2023-09-21 11:06:17',NULL),(49,'Tec. universitaria en Laboratorio',NULL,7,2,'2023-09-21 11:06:17','2023-09-21 11:06:17',NULL),(50,'Tec. en Oftalmología',NULL,7,2,'2023-09-21 11:06:17','2023-09-21 11:06:17',NULL),(51,'Tec. universitaria en Quirófano',NULL,7,2,'2023-09-21 11:06:17','2023-09-21 11:06:17',NULL),(52,'CBC',NULL,8,3,'2023-09-21 11:06:17','2023-09-21 11:06:17',NULL),(53,'UBA XXI',NULL,9,3,'2023-09-21 11:06:17','2023-09-21 11:06:17',NULL);
/*!40000 ALTER TABLE `Careers` ENABLE KEYS */;
UNLOCK TABLES;

--
-- Table structure for table `Categories`
--

DROP TABLE IF EXISTS `Categories`;
/*!40101 SET @saved_cs_client     = @@character_set_client */;
/*!50503 SET character_set_client = utf8mb4 */;
CREATE TABLE `Categories` (
  `id` int NOT NULL AUTO_INCREMENT,
  `name` varchar(255) DEFAULT NULL,
  `createdAt` datetime NOT NULL,
  `updatedAt` datetime NOT NULL,
  `deletedAt` datetime DEFAULT NULL,
  PRIMARY KEY (`id`)
) ENGINE=InnoDB AUTO_INCREMENT=7 DEFAULT CHARSET=utf8mb4 COLLATE=utf8mb4_0900_ai_ci;
/*!40101 SET character_set_client = @saved_cs_client */;

--
-- Dumping data for table `Categories`
--

LOCK TABLES `Categories` WRITE;
/*!40000 ALTER TABLE `Categories` DISABLE KEYS */;
INSERT INTO `Categories` VALUES (1,'Clases teóricas','2023-09-21 11:06:17','2023-09-21 11:06:17',NULL),(2,'Trabajos prácticos','2023-09-21 11:06:17','2023-09-21 11:06:17',NULL),(3,'Exámenes integradores','2023-09-21 11:06:17','2023-09-21 11:06:17',NULL),(4,'Ciclo de nivelación','2023-09-21 11:06:17','2023-09-21 11:06:17',NULL),(5,'Ejercicios integradores','2023-09-21 11:06:17','2023-09-21 11:06:17',NULL),(6,'Exámenes anteriores','2023-09-21 11:06:17','2023-09-21 11:06:17',NULL);
/*!40000 ALTER TABLE `Categories` ENABLE KEYS */;
UNLOCK TABLES;

--
-- Table structure for table `CourseCareers`
--

DROP TABLE IF EXISTS `CourseCareers`;
/*!40101 SET @saved_cs_client     = @@character_set_client */;
/*!50503 SET character_set_client = utf8mb4 */;
CREATE TABLE `CourseCareers` (
  `id` int NOT NULL AUTO_INCREMENT,
  `courseId` int DEFAULT NULL,
  `careerId` int DEFAULT NULL,
  `createdAt` datetime NOT NULL,
  `updatedAt` datetime NOT NULL,
  `deletedAt` datetime DEFAULT NULL,
  PRIMARY KEY (`id`),
  KEY `courseId` (`courseId`),
  KEY `careerId` (`careerId`),
  CONSTRAINT `CourseCareers_ibfk_1` FOREIGN KEY (`courseId`) REFERENCES `Courses` (`id`),
  CONSTRAINT `CourseCareers_ibfk_2` FOREIGN KEY (`careerId`) REFERENCES `Careers` (`id`)
) ENGINE=InnoDB AUTO_INCREMENT=264 DEFAULT CHARSET=utf8mb4 COLLATE=utf8mb4_0900_ai_ci;
/*!40101 SET character_set_client = @saved_cs_client */;

--
-- Dumping data for table `CourseCareers`
--

LOCK TABLES `CourseCareers` WRITE;
/*!40000 ALTER TABLE `CourseCareers` DISABLE KEYS */;
INSERT INTO `CourseCareers` VALUES (1,1,8,'2022-10-08 06:10:01','2022-10-08 06:10:01',NULL),(2,1,9,'2022-10-08 06:10:01','2022-10-08 06:10:01',NULL),(3,1,10,'2022-10-08 06:10:01','2022-10-08 06:10:01',NULL),(4,1,11,'2022-10-08 06:10:01','2022-10-08 06:10:01',NULL),(5,1,12,'2022-10-08 06:10:01','2022-10-08 06:10:01',NULL),(6,1,13,'2022-10-08 06:10:01','2022-10-08 06:10:01',NULL),(7,1,14,'2022-10-08 06:10:01','2022-10-08 06:10:01',NULL),(8,1,15,'2022-10-08 06:10:01','2022-10-08 06:10:01',NULL),(9,1,16,'2022-10-08 06:10:01','2022-10-08 06:10:01',NULL),(10,1,17,'2022-10-08 06:10:01','2022-10-08 06:10:01',NULL),(11,1,18,'2022-10-08 06:10:01','2022-10-08 06:10:01',NULL),(12,1,19,'2022-10-08 06:10:01','2022-10-08 06:10:01',NULL),(13,1,20,'2022-10-08 06:10:01','2022-10-08 06:10:01',NULL),(14,1,21,'2022-10-08 06:10:01','2022-10-08 06:10:01',NULL),(15,1,22,'2022-10-08 06:10:01','2022-10-08 06:10:01',NULL),(16,1,23,'2022-10-08 06:10:01','2022-10-08 06:10:01',NULL),(17,2,8,'2022-10-08 06:11:13','2022-10-08 06:11:13',NULL),(18,2,9,'2022-10-08 06:11:13','2022-10-08 06:11:13',NULL),(19,2,10,'2022-10-08 06:11:13','2022-10-08 06:11:13',NULL),(20,2,11,'2022-10-08 06:11:13','2022-10-08 06:11:13',NULL),(21,2,12,'2022-10-08 06:11:13','2022-10-08 06:11:13',NULL),(22,2,13,'2022-10-08 06:11:13','2022-10-08 06:11:13',NULL),(23,2,14,'2022-10-08 06:11:13','2022-10-08 06:11:13',NULL),(24,2,15,'2022-10-08 06:11:13','2022-10-08 06:11:13',NULL),(25,2,16,'2022-10-08 06:11:13','2022-10-08 06:11:13',NULL),(26,2,17,'2022-10-08 06:11:13','2022-10-08 06:11:13',NULL),(27,2,18,'2022-10-08 06:11:13','2022-10-08 06:11:13',NULL),(28,2,19,'2022-10-08 06:11:13','2022-10-08 06:11:13',NULL),(29,2,20,'2022-10-08 06:11:13','2022-10-08 06:11:13',NULL),(30,2,21,'2022-10-08 06:11:13','2022-10-08 06:11:13',NULL),(31,2,22,'2022-10-08 06:11:13','2022-10-08 06:11:13',NULL),(32,2,23,'2022-10-08 06:11:13','2022-10-08 06:11:13',NULL),(33,3,8,'2022-10-08 06:12:15','2022-10-08 06:12:15',NULL),(34,3,9,'2022-10-08 06:12:15','2022-10-08 06:12:15',NULL),(35,3,10,'2022-10-08 06:12:15','2022-10-08 06:12:15',NULL),(36,3,11,'2022-10-08 06:12:15','2022-10-08 06:12:15',NULL),(37,3,12,'2022-10-08 06:12:15','2022-10-08 06:12:15',NULL),(38,3,13,'2022-10-08 06:12:15','2022-10-08 06:12:15',NULL),(39,3,14,'2022-10-08 06:12:15','2022-10-08 06:12:15',NULL),(40,3,15,'2022-10-08 06:12:15','2022-10-08 06:12:15',NULL),(41,3,16,'2022-10-08 06:12:15','2022-10-08 06:12:15',NULL),(42,3,17,'2022-10-08 06:12:15','2022-10-08 06:12:15',NULL),(43,3,18,'2022-10-08 06:12:15','2022-10-08 06:12:15',NULL),(44,3,19,'2022-10-08 06:12:15','2022-10-08 06:12:15',NULL),(45,3,20,'2022-10-08 06:12:15','2022-10-08 06:12:15',NULL),(46,3,21,'2022-10-08 06:12:15','2022-10-08 06:12:15',NULL),(47,3,22,'2022-10-08 06:12:15','2022-10-08 06:12:15',NULL),(48,3,23,'2022-10-08 06:12:15','2022-10-08 06:12:15',NULL),(49,4,8,'2022-10-08 06:12:41','2022-10-08 06:12:41',NULL),(50,4,9,'2022-10-08 06:12:41','2022-10-08 06:12:41',NULL),(51,4,10,'2022-10-08 06:12:41','2022-10-08 06:12:41',NULL),(52,4,11,'2022-10-08 06:12:41','2022-10-08 06:12:41',NULL),(53,4,12,'2022-10-08 06:12:41','2022-10-08 06:12:41',NULL),(54,4,13,'2022-10-08 06:12:41','2022-10-08 06:12:41',NULL),(55,4,14,'2022-10-08 06:12:41','2022-10-08 06:12:41',NULL),(56,4,15,'2022-10-08 06:12:41','2022-10-08 06:12:41',NULL),(57,4,16,'2022-10-08 06:12:41','2022-10-08 06:12:41',NULL),(58,4,17,'2022-10-08 06:12:41','2022-10-08 06:12:41',NULL),(59,4,18,'2022-10-08 06:12:41','2022-10-08 06:12:41',NULL),(60,4,19,'2022-10-08 06:12:41','2022-10-08 06:12:41',NULL),(61,4,20,'2022-10-08 06:12:41','2022-10-08 06:12:41',NULL),(62,4,21,'2022-10-08 06:12:41','2022-10-08 06:12:41',NULL),(63,4,22,'2022-10-08 06:12:41','2022-10-08 06:12:41',NULL),(64,4,23,'2022-10-08 06:12:41','2022-10-08 06:12:41',NULL),(65,5,8,'2022-10-08 06:13:07','2022-10-08 06:13:07',NULL),(66,5,9,'2022-10-08 06:13:07','2022-10-08 06:13:07',NULL),(67,5,10,'2022-10-08 06:13:07','2022-10-08 06:13:07',NULL),(68,5,11,'2022-10-08 06:13:07','2022-10-08 06:13:07',NULL),(69,5,12,'2022-10-08 06:13:07','2022-10-08 06:13:07',NULL),(70,5,13,'2022-10-08 06:13:07','2022-10-08 06:13:07',NULL),(71,5,14,'2022-10-08 06:13:07','2022-10-08 06:13:07',NULL),(72,5,15,'2022-10-08 06:13:07','2022-10-08 06:13:07',NULL),(73,5,16,'2022-10-08 06:13:07','2022-10-08 06:13:07',NULL),(74,5,17,'2022-10-08 06:13:07','2022-10-08 06:13:07',NULL),(75,5,18,'2022-10-08 06:13:07','2022-10-08 06:13:07',NULL),(76,5,19,'2022-10-08 06:13:07','2022-10-08 06:13:07',NULL),(77,5,20,'2022-10-08 06:13:07','2022-10-08 06:13:07',NULL),(78,5,21,'2022-10-08 06:13:07','2022-10-08 06:13:07',NULL),(79,5,22,'2022-10-08 06:13:07','2022-10-08 06:13:07',NULL),(80,5,23,'2022-10-08 06:13:07','2022-10-08 06:13:07',NULL),(81,6,8,'2022-10-08 06:13:50','2022-10-08 06:13:50',NULL),(82,6,9,'2022-10-08 06:13:50','2022-10-08 06:13:50',NULL),(83,6,10,'2022-10-08 06:13:50','2022-10-08 06:13:50',NULL),(84,6,11,'2022-10-08 06:13:50','2022-10-08 06:13:50',NULL),(85,6,12,'2022-10-08 06:13:50','2022-10-08 06:13:50',NULL),(86,6,13,'2022-10-08 06:13:50','2022-10-08 06:13:50',NULL),(87,6,14,'2022-10-08 06:13:50','2022-10-08 06:13:50',NULL),(88,6,15,'2022-10-08 06:13:50','2022-10-08 06:13:50',NULL),(89,6,16,'2022-10-08 06:13:50','2022-10-08 06:13:50',NULL),(90,6,17,'2022-10-08 06:13:50','2022-10-08 06:13:50',NULL),(91,6,18,'2022-10-08 06:13:50','2022-10-08 06:13:50',NULL),(92,6,19,'2022-10-08 06:13:50','2022-10-08 06:13:50',NULL),(93,6,20,'2022-10-08 06:13:50','2022-10-08 06:13:50',NULL),(94,6,21,'2022-10-08 06:13:50','2022-10-08 06:13:50',NULL),(95,6,22,'2022-10-08 06:13:50','2022-10-08 06:13:50',NULL),(96,6,23,'2022-10-08 06:13:50','2022-10-08 06:13:50',NULL),(97,7,8,'2022-10-08 06:14:13','2022-10-08 06:14:13',NULL),(98,7,9,'2022-10-08 06:14:13','2022-10-08 06:14:13',NULL),(99,7,10,'2022-10-08 06:14:13','2022-10-08 06:14:13',NULL),(100,7,11,'2022-10-08 06:14:13','2022-10-08 06:14:13',NULL),(101,7,12,'2022-10-08 06:14:13','2022-10-08 06:14:13',NULL),(102,7,13,'2022-10-08 06:14:13','2022-10-08 06:14:13',NULL),(103,7,14,'2022-10-08 06:14:13','2022-10-08 06:14:13',NULL),(104,7,15,'2022-10-08 06:14:13','2022-10-08 06:14:13',NULL),(105,7,16,'2022-10-08 06:14:13','2022-10-08 06:14:13',NULL),(106,7,17,'2022-10-08 06:14:13','2022-10-08 06:14:13',NULL),(107,7,18,'2022-10-08 06:14:13','2022-10-08 06:14:13',NULL),(108,7,19,'2022-10-08 06:14:13','2022-10-08 06:14:13',NULL),(109,7,20,'2022-10-08 06:14:13','2022-10-08 06:14:13',NULL),(110,7,21,'2022-10-08 06:14:13','2022-10-08 06:14:13',NULL),(111,7,22,'2022-10-08 06:14:13','2022-10-08 06:14:13',NULL),(112,7,23,'2022-10-08 06:14:13','2022-10-08 06:14:13',NULL),(113,8,8,'2022-10-08 06:14:41','2022-10-08 06:14:41',NULL),(114,8,9,'2022-10-08 06:14:41','2022-10-08 06:14:41',NULL),(115,8,10,'2022-10-08 06:14:41','2022-10-08 06:14:41',NULL),(116,8,11,'2022-10-08 06:14:41','2022-10-08 06:14:41',NULL),(117,8,12,'2022-10-08 06:14:41','2022-10-08 06:14:41',NULL),(118,8,13,'2022-10-08 06:14:41','2022-10-08 06:14:41',NULL),(119,8,14,'2022-10-08 06:14:41','2022-10-08 06:14:41',NULL),(120,8,15,'2022-10-08 06:14:41','2022-10-08 06:14:41',NULL),(121,8,16,'2022-10-08 06:14:41','2022-10-08 06:14:41',NULL),(122,8,17,'2022-10-08 06:14:41','2022-10-08 06:14:41',NULL),(123,8,18,'2022-10-08 06:14:41','2022-10-08 06:14:41',NULL),(124,8,19,'2022-10-08 06:14:41','2022-10-08 06:14:41',NULL),(125,8,20,'2022-10-08 06:14:41','2022-10-08 06:14:41',NULL),(126,8,21,'2022-10-08 06:14:41','2022-10-08 06:14:41',NULL),(127,8,22,'2022-10-08 06:14:41','2022-10-08 06:14:41',NULL),(128,8,23,'2022-10-08 06:14:41','2022-10-08 06:14:41',NULL),(129,9,24,'2022-10-08 06:16:12','2022-10-08 06:16:12',NULL),(130,9,25,'2022-10-08 06:16:12','2022-10-08 06:16:12',NULL),(131,9,26,'2022-10-08 06:16:12','2022-10-08 06:16:12',NULL),(132,9,27,'2022-10-08 06:16:12','2022-10-08 06:16:12',NULL),(133,9,28,'2022-10-08 06:16:12','2022-10-08 06:16:12',NULL),(134,9,29,'2022-10-08 06:16:12','2022-10-08 06:16:12',NULL),(135,10,24,'2022-10-08 06:16:32','2022-10-08 06:16:32',NULL),(136,10,25,'2022-10-08 06:16:32','2022-10-08 06:16:32',NULL),(137,10,26,'2022-10-08 06:16:32','2022-10-08 06:16:32',NULL),(138,10,27,'2022-10-08 06:16:32','2022-10-08 06:16:32',NULL),(139,10,28,'2022-10-08 06:16:32','2022-10-08 06:16:32',NULL),(140,10,29,'2022-10-08 06:16:32','2022-10-08 06:16:32',NULL),(141,11,24,'2022-10-08 06:16:45','2022-10-08 06:16:45',NULL),(142,11,25,'2022-10-08 06:16:45','2022-10-08 06:16:45',NULL),(143,11,26,'2022-10-08 06:16:45','2022-10-08 06:16:45',NULL),(144,11,27,'2022-10-08 06:16:45','2022-10-08 06:16:45',NULL),(145,11,28,'2022-10-08 06:16:45','2022-10-08 06:16:45',NULL),(146,11,29,'2022-10-08 06:16:45','2022-10-08 06:16:45',NULL),(147,12,24,'2022-10-08 06:17:12','2022-10-08 06:17:12',NULL),(148,12,25,'2022-10-08 06:17:12','2022-10-08 06:17:12',NULL),(149,12,26,'2022-10-08 06:17:12','2022-10-08 06:17:12',NULL),(150,12,27,'2022-10-08 06:17:12','2022-10-08 06:17:12',NULL),(151,12,28,'2022-10-08 06:17:12','2022-10-08 06:17:12',NULL),(152,12,29,'2022-10-08 06:17:12','2022-10-08 06:17:12',NULL),(153,13,24,'2022-10-08 06:17:28','2022-10-08 06:17:28',NULL),(154,13,25,'2022-10-08 06:17:28','2022-10-08 06:17:28',NULL),(155,13,26,'2022-10-08 06:17:28','2022-10-08 06:17:28',NULL),(156,13,27,'2022-10-08 06:17:28','2022-10-08 06:17:28',NULL),(157,13,28,'2022-10-08 06:17:28','2022-10-08 06:17:28',NULL),(158,13,29,'2022-10-08 06:17:28','2022-10-08 06:17:28',NULL),(159,14,30,'2022-10-08 06:18:10','2022-10-08 06:18:10',NULL),(160,14,31,'2022-10-08 06:18:10','2022-10-08 06:18:10',NULL),(161,14,32,'2022-10-08 06:18:10','2022-10-08 06:18:10',NULL),(162,14,33,'2022-10-08 06:18:10','2022-10-08 06:18:10',NULL),(167,15,30,'2022-10-08 06:18:40','2022-10-08 06:18:40',NULL),(168,15,31,'2022-10-08 06:18:40','2022-10-08 06:18:40',NULL),(169,15,32,'2022-10-08 06:18:40','2022-10-08 06:18:40',NULL),(170,15,33,'2022-10-08 06:18:40','2022-10-08 06:18:40',NULL),(171,16,30,'2022-10-08 06:18:53','2022-10-08 06:18:53',NULL),(172,16,31,'2022-10-08 06:18:53','2022-10-08 06:18:53',NULL),(173,16,32,'2022-10-08 06:18:53','2022-10-08 06:18:53',NULL),(174,16,33,'2022-10-08 06:18:53','2022-10-08 06:18:53',NULL),(175,17,30,'2022-10-08 06:19:19','2022-10-08 06:19:19',NULL),(176,17,31,'2022-10-08 06:19:19','2022-10-08 06:19:19',NULL),(177,17,32,'2022-10-08 06:19:19','2022-10-08 06:19:19',NULL),(178,17,33,'2022-10-08 06:19:19','2022-10-08 06:19:19',NULL),(179,18,1,'2022-10-08 06:19:58','2022-10-08 06:19:58',NULL),(180,18,2,'2022-10-08 06:19:58','2022-10-08 06:19:58',NULL),(181,18,1,'2022-10-08 06:19:58','2022-10-08 06:19:58',NULL),(182,18,2,'2022-10-08 06:19:58','2022-10-08 06:19:58',NULL),(183,19,1,'2022-10-08 06:20:17','2022-10-08 06:20:17',NULL),(184,19,2,'2022-10-08 06:20:17','2022-10-08 06:20:17',NULL),(185,20,1,'2022-10-08 06:20:43','2022-10-08 06:20:43',NULL),(186,20,2,'2022-10-08 06:20:43','2022-10-08 06:20:43',NULL),(187,21,1,'2022-10-08 06:21:02','2022-10-08 06:21:02',NULL),(188,21,2,'2022-10-08 06:21:02','2022-10-08 06:21:02',NULL),(189,22,1,'2022-10-08 06:21:28','2022-10-08 06:21:28',NULL),(190,22,2,'2022-10-08 06:21:28','2022-10-08 06:21:28',NULL),(191,23,3,'2022-10-08 06:22:01','2022-10-08 06:22:01',NULL),(192,23,4,'2022-10-08 06:22:01','2022-10-08 06:22:01',NULL),(193,23,5,'2022-10-08 06:22:01','2022-10-08 06:22:01',NULL),(194,23,6,'2022-10-08 06:22:01','2022-10-08 06:22:01',NULL),(195,23,7,'2022-10-08 06:22:01','2022-10-08 06:22:01',NULL),(196,24,3,'2022-10-08 06:22:15','2022-10-08 06:22:15',NULL),(197,24,4,'2022-10-08 06:22:15','2022-10-08 06:22:15',NULL),(198,24,5,'2022-10-08 06:22:15','2022-10-08 06:22:15',NULL),(199,24,6,'2022-10-08 06:22:15','2022-10-08 06:22:15',NULL),(200,24,7,'2022-10-08 06:22:15','2022-10-08 06:22:15',NULL),(201,25,34,'2022-10-08 06:22:48','2022-10-08 06:22:48',NULL),(202,25,35,'2022-10-08 06:22:48','2022-10-08 06:22:48',NULL),(203,25,36,'2022-10-08 06:22:48','2022-10-08 06:22:48',NULL),(204,25,37,'2022-10-08 06:22:48','2022-10-08 06:22:48',NULL),(205,25,38,'2022-10-08 06:22:48','2022-10-08 06:22:48',NULL),(206,25,39,'2022-10-08 06:22:48','2022-10-08 06:22:48',NULL),(207,25,40,'2022-10-08 06:22:48','2022-10-08 06:22:48',NULL),(208,25,41,'2022-10-08 06:22:48','2022-10-08 06:22:48',NULL),(209,25,42,'2022-10-08 06:22:48','2022-10-08 06:22:48',NULL),(210,26,34,'2022-10-08 06:23:04','2022-10-08 06:23:04',NULL),(211,26,35,'2022-10-08 06:23:04','2022-10-08 06:23:04',NULL),(212,26,36,'2022-10-08 06:23:04','2022-10-08 06:23:04',NULL),(213,26,37,'2022-10-08 06:23:04','2022-10-08 06:23:04',NULL),(214,26,38,'2022-10-08 06:23:04','2022-10-08 06:23:04',NULL),(215,26,39,'2022-10-08 06:23:04','2022-10-08 06:23:04',NULL),(216,26,40,'2022-10-08 06:23:04','2022-10-08 06:23:04',NULL),(217,26,41,'2022-10-08 06:23:04','2022-10-08 06:23:04',NULL),(218,26,42,'2022-10-08 06:23:04','2022-10-08 06:23:04',NULL),(219,27,43,'2022-10-08 06:25:07','2022-10-08 06:25:07',NULL),(220,27,44,'2022-10-08 06:25:07','2022-10-08 06:25:07',NULL),(221,27,45,'2022-10-08 06:25:07','2022-10-08 06:25:07',NULL),(222,27,46,'2022-10-08 06:25:07','2022-10-08 06:25:07',NULL),(223,27,47,'2022-10-08 06:25:07','2022-10-08 06:25:07',NULL),(224,27,48,'2022-10-08 06:25:07','2022-10-08 06:25:07',NULL),(225,27,49,'2022-10-08 06:25:07','2022-10-08 06:25:07',NULL),(226,27,50,'2022-10-08 06:25:07','2022-10-08 06:25:07',NULL),(227,27,51,'2022-10-08 06:25:07','2022-10-08 06:25:07',NULL),(228,28,43,'2022-10-08 06:25:56','2022-10-08 06:25:56',NULL),(229,28,44,'2022-10-08 06:25:56','2022-10-08 06:25:56',NULL),(230,28,45,'2022-10-08 06:25:56','2022-10-08 06:25:56',NULL),(231,28,46,'2022-10-08 06:25:56','2022-10-08 06:25:56',NULL),(232,28,47,'2022-10-08 06:25:56','2022-10-08 06:25:56',NULL),(233,28,48,'2022-10-08 06:25:56','2022-10-08 06:25:56',NULL),(234,28,49,'2022-10-08 06:25:56','2022-10-08 06:25:56',NULL),(235,28,50,'2022-10-08 06:25:56','2022-10-08 06:25:56',NULL),(236,28,51,'2022-10-08 06:25:56','2022-10-08 06:25:56',NULL),(237,28,43,'2022-10-08 06:25:56','2022-10-08 06:25:56',NULL),(238,28,44,'2022-10-08 06:25:56','2022-10-08 06:25:56',NULL),(239,28,45,'2022-10-08 06:25:56','2022-10-08 06:25:56',NULL),(240,28,46,'2022-10-08 06:25:56','2022-10-08 06:25:56',NULL),(241,28,47,'2022-10-08 06:25:56','2022-10-08 06:25:56',NULL),(242,28,48,'2022-10-08 06:25:56','2022-10-08 06:25:56',NULL),(243,28,49,'2022-10-08 06:25:56','2022-10-08 06:25:56',NULL),(244,28,50,'2022-10-08 06:25:56','2022-10-08 06:25:56',NULL),(245,28,51,'2022-10-08 06:25:56','2022-10-08 06:25:56',NULL),(246,29,43,'2022-10-08 06:26:25','2022-10-08 06:26:25',NULL),(247,29,44,'2022-10-08 06:26:25','2022-10-08 06:26:25',NULL),(248,29,45,'2022-10-08 06:26:25','2022-10-08 06:26:25',NULL),(249,29,46,'2022-10-08 06:26:25','2022-10-08 06:26:25',NULL),(250,29,47,'2022-10-08 06:26:25','2022-10-08 06:26:25',NULL),(251,29,48,'2022-10-08 06:26:25','2022-10-08 06:26:25',NULL),(252,29,49,'2022-10-08 06:26:25','2022-10-08 06:26:25',NULL),(253,29,50,'2022-10-08 06:26:25','2022-10-08 06:26:25',NULL),(254,29,51,'2022-10-08 06:26:25','2022-10-08 06:26:25',NULL),(255,30,52,'2022-10-08 06:27:03','2022-10-08 06:27:03',NULL),(256,31,52,'2022-10-08 06:27:17','2022-10-08 06:27:17',NULL),(257,32,52,'2022-10-08 06:27:34','2022-10-08 06:27:34',NULL),(259,33,52,'2022-10-08 06:27:51','2022-10-08 06:27:51',NULL),(260,34,53,'2022-10-08 06:28:15','2022-10-08 06:28:15',NULL),(261,35,53,'2022-10-08 06:28:28','2022-10-08 06:28:28',NULL),(262,36,53,'2022-10-08 06:28:50','2022-10-08 06:28:50',NULL),(263,37,53,'2022-10-08 06:29:21','2022-10-08 06:29:21',NULL);
/*!40000 ALTER TABLE `CourseCareers` ENABLE KEYS */;
UNLOCK TABLES;

--
-- Table structure for table `Courses`
--

DROP TABLE IF EXISTS `Courses`;
/*!40101 SET @saved_cs_client     = @@character_set_client */;
/*!50503 SET character_set_client = utf8mb4 */;
CREATE TABLE `Courses` (
  `id` int NOT NULL AUTO_INCREMENT,
  `name` varchar(255) DEFAULT NULL,
  `image` varchar(255) DEFAULT NULL,
  `video` varchar(255) DEFAULT NULL,
  `description` varchar(255) DEFAULT NULL,
  `review` varchar(255) DEFAULT NULL,
  `teacherId` int DEFAULT NULL,
  `universityId` int DEFAULT NULL,
  `facultyId` int DEFAULT NULL,
  `visible` tinyint(1) DEFAULT NULL,
  `createdAt` datetime NOT NULL,
  `updatedAt` datetime NOT NULL,
  `deletedAt` datetime DEFAULT NULL,
  PRIMARY KEY (`id`),
  KEY `teacherId` (`teacherId`),
  KEY `universityId` (`universityId`),
  KEY `facultyId` (`facultyId`),
  CONSTRAINT `Courses_ibfk_1` FOREIGN KEY (`teacherId`) REFERENCES `Teachers` (`id`),
  CONSTRAINT `Courses_ibfk_2` FOREIGN KEY (`universityId`) REFERENCES `Universities` (`id`),
  CONSTRAINT `Courses_ibfk_3` FOREIGN KEY (`facultyId`) REFERENCES `Faculties` (`id`)
) ENGINE=InnoDB AUTO_INCREMENT=38 DEFAULT CHARSET=utf8mb4 COLLATE=utf8mb4_0900_ai_ci;
/*!40101 SET character_set_client = @saved_cs_client */;

--
-- Dumping data for table `Courses`
--

LOCK TABLES `Courses` WRITE;
/*!40000 ALTER TABLE `Courses` DISABLE KEYS */;
INSERT INTO `Courses` VALUES (1,'Matemática para Ingreso','image-1665236116949.jpeg',NULL,NULL,NULL,1,1,3,1,'2023-09-21 11:06:17','2023-09-21 11:06:17',NULL),(2,'Física para Ingreso','image-1665236614252.jpeg',NULL,NULL,NULL,1,1,3,1,'2023-09-21 11:06:17','2023-09-21 11:06:17',NULL),(3,'Química para Ingreso','image-1665236739873.jpg',NULL,NULL,NULL,1,1,3,1,'2023-09-21 11:06:17','2023-09-21 11:06:17',NULL),(4,'Introducción a la Matemática','image-1665237231667.webp',NULL,NULL,NULL,1,1,3,1,'2023-09-21 11:06:17','2023-09-21 11:06:17',NULL),(5,'Química Aplicada','image-1665237327474.jpeg',NULL,NULL,NULL,1,1,3,1,'2023-09-21 11:06:17','2023-09-21 11:06:17',NULL),(6,'Física I','image-1665237944974.jpeg',NULL,NULL,NULL,1,1,3,1,'2023-09-21 11:06:17','2023-09-21 11:06:17',NULL),(7,'Análisis Matemático I','image-1665238065665.jpeg',NULL,NULL,NULL,1,1,3,1,'2023-09-21 11:06:17','2023-09-21 11:06:17',NULL),(8,'Matemática para Biología y Geología','image-1665238235758.jpeg',NULL,NULL,NULL,1,1,3,1,'2023-09-21 11:06:17','2023-09-21 11:06:17',NULL),(9,'Física','image-1665217685983.jpeg',NULL,NULL,NULL,1,1,4,1,'2023-09-21 11:06:17','2023-09-21 11:06:17',NULL),(10,'Química','image-1665215057892.jpeg',NULL,NULL,NULL,1,1,4,1,'2023-09-21 11:06:17','2023-09-21 11:06:17',NULL),(11,'Biología','image-1665212260022.jpeg',NULL,NULL,NULL,1,1,4,1,'2023-09-21 11:06:17','2023-09-21 11:06:17',NULL),(12,'Introducción a la Medicina','image-1665218759091.jpeg',NULL,NULL,NULL,1,1,4,1,'2023-09-21 11:06:17','2023-09-21 11:06:17',NULL),(13,'Exámenes Integradores','image-1665219140556.jpg',NULL,NULL,NULL,1,1,4,1,'2023-09-21 11:06:17','2023-09-21 11:06:17',NULL),(14,'Introducción a las Ciencias Químicas','image-1665264693203.jpeg',NULL,NULL,NULL,1,1,5,1,'2023-09-21 11:06:17','2023-09-21 11:06:17',NULL),(15,'Matemática I','image-1665264940824.jpeg',NULL,NULL,NULL,1,1,5,1,'2023-09-21 11:06:17','2023-09-21 11:06:17',NULL),(16,'Física I','image-1665265051103.jpeg',NULL,NULL,NULL,1,1,5,1,'2023-09-21 11:06:17','2023-09-21 11:06:17',NULL),(17,'Química General I','image-1665265193379.jpeg',NULL,NULL,NULL,1,1,5,1,'2023-09-21 11:06:17','2023-09-21 11:06:17',NULL),(18,'Ingreso a Arquitectura y Diseño Industrial','image-1665262887555.jpeg',NULL,NULL,NULL,1,1,1,1,'2023-09-21 11:06:17','2023-09-21 11:06:17',NULL),(19,'Matemática 1A','image-1665263378897.jpeg',NULL,NULL,NULL,1,1,1,1,'2023-09-21 11:06:17','2023-09-21 11:06:17',NULL),(20,'Matemática 1B','image-1665263157579.jpeg',NULL,NULL,NULL,1,1,1,1,'2023-09-21 11:06:17','2023-09-21 11:06:17',NULL),(21,'Matemática 1C','image-1665263349207.jpeg',NULL,NULL,NULL,1,1,1,1,'2023-09-21 11:06:17','2023-09-21 11:06:17',NULL),(22,'Física para Arquitectura y Diseño Industrial','image-1665263689212.jpeg',NULL,NULL,NULL,1,1,1,1,'2023-09-21 11:06:17','2023-09-21 11:06:17',NULL),(23,'Matemática','image-1665263953517.jpeg',NULL,NULL,NULL,1,1,2,1,'2023-09-21 11:06:17','2023-09-21 11:06:17',NULL),(24,'Economía','image-1665264101453.webp',NULL,NULL,NULL,1,1,2,1,'2023-09-21 11:06:17','2023-09-21 11:06:17',NULL),(25,'Curso de Nivelación','image-1665266154696.jpeg',NULL,NULL,NULL,1,1,6,1,'2023-09-21 11:06:17','2023-09-21 11:06:17',NULL),(26,'Análisis Matemático I','image-1665266274155.jpeg',NULL,NULL,NULL,1,1,6,1,'2023-09-21 11:06:17','2023-09-21 11:06:17',NULL),(27,'Biología','image-1665266422420.webp',NULL,NULL,NULL,1,2,7,1,'2023-09-21 11:06:17','2023-09-21 11:06:17',NULL),(28,'Física','image-1665266593708.jpeg',NULL,NULL,NULL,1,2,7,1,'2023-09-21 11:06:17','2023-09-21 11:06:17',NULL),(29,'Química','image-1665266967668.webp',NULL,NULL,NULL,1,2,7,1,'2023-09-21 11:06:17','2023-09-21 11:06:17',NULL),(30,'Matemática','image-1665267712012.jpeg',NULL,NULL,NULL,1,3,8,1,'2023-09-21 11:06:17','2023-09-21 11:06:17',NULL),(31,'Física','image-1665268153546.jpeg',NULL,NULL,NULL,1,3,8,1,'2023-09-21 11:06:17','2023-09-21 11:06:17',NULL),(32,'Biofísica','image-1665268388237.webp',NULL,NULL,NULL,1,3,8,1,'2023-09-21 11:06:17','2023-09-21 11:06:17',NULL),(33,'Química','image-1665268651456.png',NULL,NULL,NULL,1,3,8,1,'2023-09-21 11:06:17','2023-09-21 11:06:17',NULL),(34,'Matemática','image-1665269072126.webp',NULL,NULL,NULL,1,3,9,1,'2023-09-21 11:06:17','2023-09-21 11:06:17',NULL),(35,'Física','image-1665269151347.webp',NULL,NULL,NULL,1,3,9,1,'2023-09-21 11:06:17','2023-09-21 11:06:17',NULL),(36,'Biofísica','image-1665269483758.jpeg',NULL,NULL,NULL,1,3,9,1,'2023-09-21 11:06:17','2023-09-21 11:06:17',NULL),(37,'Química','image-1665269318244.jpeg',NULL,NULL,NULL,1,3,9,1,'2023-09-21 11:06:17','2023-09-21 11:06:17',NULL);
/*!40000 ALTER TABLE `Courses` ENABLE KEYS */;
UNLOCK TABLES;

--
-- Table structure for table `Faculties`
--

DROP TABLE IF EXISTS `Faculties`;
/*!40101 SET @saved_cs_client     = @@character_set_client */;
/*!50503 SET character_set_client = utf8mb4 */;
CREATE TABLE `Faculties` (
  `id` int NOT NULL AUTO_INCREMENT,
  `name` varchar(255) DEFAULT NULL,
  `acronym` varchar(255) DEFAULT NULL,
  `image` varchar(255) DEFAULT NULL,
  `universityId` int DEFAULT NULL,
  `createdAt` datetime NOT NULL,
  `updatedAt` datetime NOT NULL,
  `deletedAt` datetime DEFAULT NULL,
  PRIMARY KEY (`id`),
  KEY `universityId` (`universityId`),
  CONSTRAINT `Faculties_ibfk_1` FOREIGN KEY (`universityId`) REFERENCES `Universities` (`id`)
) ENGINE=InnoDB AUTO_INCREMENT=10 DEFAULT CHARSET=utf8mb4 COLLATE=utf8mb4_0900_ai_ci;
/*!40101 SET character_set_client = @saved_cs_client */;

--
-- Dumping data for table `Faculties`
--

LOCK TABLES `Faculties` WRITE;
/*!40000 ALTER TABLE `Faculties` DISABLE KEYS */;
INSERT INTO `Faculties` VALUES (1,'Facultad de Arquitectura, Urbanismo Y Diseño','FAUD',NULL,1,'2023-09-21 11:06:17','2023-09-21 11:06:17',NULL),(2,'Facultad de Ciencias Económicas','FCE',NULL,1,'2023-09-21 11:06:17','2023-09-21 11:06:17',NULL),(3,'Facultad de Ciencias Exactas, Física y Naturales','FCEFyN',NULL,1,'2023-09-21 11:06:17','2023-09-21 11:06:17',NULL),(4,'Facultad de Ciencias Médicas','FCM',NULL,1,'2023-09-21 11:06:17','2023-09-21 11:06:17',NULL),(5,'Facultad de Ciencias Químicas','FCQ',NULL,1,'2023-09-21 11:06:17','2023-09-21 11:06:17',NULL),(6,'Facultad de Matemática, Astronomía, Física y Computación','FAMAF',NULL,1,'2023-09-21 11:06:17','2023-09-21 11:06:17',NULL),(7,'Facultad Ciencias Médicas','FCM',NULL,2,'2023-09-21 11:06:17','2023-09-21 11:06:17',NULL),(8,'Ciclo Básico Común','CBC',NULL,3,'2023-09-21 11:06:17','2023-09-21 11:06:17',NULL),(9,'Educación a Distancia de la UBA','UBA XXI',NULL,3,'2023-09-21 11:06:17','2023-09-21 11:06:17',NULL);
/*!40000 ALTER TABLE `Faculties` ENABLE KEYS */;
UNLOCK TABLES;

--
-- Table structure for table `FacultyCategories`
--

DROP TABLE IF EXISTS `FacultyCategories`;
/*!40101 SET @saved_cs_client     = @@character_set_client */;
/*!50503 SET character_set_client = utf8mb4 */;
CREATE TABLE `FacultyCategories` (
  `id` int NOT NULL AUTO_INCREMENT,
  `facultyId` int DEFAULT NULL,
  `categoryId` int DEFAULT NULL,
  `createdAt` datetime NOT NULL,
  `updatedAt` datetime NOT NULL,
  `deletedAt` datetime DEFAULT NULL,
  PRIMARY KEY (`id`),
  KEY `facultyId` (`facultyId`),
  KEY `categoryId` (`categoryId`),
  CONSTRAINT `FacultyCategories_ibfk_1` FOREIGN KEY (`facultyId`) REFERENCES `Faculties` (`id`),
  CONSTRAINT `FacultyCategories_ibfk_2` FOREIGN KEY (`categoryId`) REFERENCES `Categories` (`id`)
) ENGINE=InnoDB AUTO_INCREMENT=33 DEFAULT CHARSET=utf8mb4 COLLATE=utf8mb4_0900_ai_ci;
/*!40101 SET character_set_client = @saved_cs_client */;

--
-- Dumping data for table `FacultyCategories`
--

LOCK TABLES `FacultyCategories` WRITE;
/*!40000 ALTER TABLE `FacultyCategories` DISABLE KEYS */;
INSERT INTO `FacultyCategories` VALUES (1,1,1,'2023-09-21 11:06:17','2023-09-21 11:06:17',NULL),(2,1,2,'2023-09-21 11:06:17','2023-09-21 11:06:17',NULL),(3,1,3,'2023-09-21 11:06:17','2023-09-21 11:06:17',NULL),(4,2,1,'2023-09-21 11:06:17','2023-09-21 11:06:17',NULL),(5,2,2,'2023-09-21 11:06:17','2023-09-21 11:06:17',NULL),(6,2,3,'2023-09-21 11:06:17','2023-09-21 11:06:17',NULL),(7,3,1,'2023-09-21 11:06:17','2023-09-21 11:06:17',NULL),(8,3,2,'2023-09-21 11:06:17','2023-09-21 11:06:17',NULL),(9,3,3,'2023-09-21 11:06:17','2023-09-21 11:06:17',NULL),(10,4,4,'2023-09-21 11:06:17','2023-09-21 11:06:17',NULL),(11,4,1,'2023-09-21 11:06:17','2023-09-21 11:06:17',NULL),(12,4,2,'2023-09-21 11:06:17','2023-09-21 11:06:17',NULL),(13,4,5,'2023-09-21 11:06:17','2023-09-21 11:06:17',NULL),(14,4,3,'2023-09-21 11:06:17','2023-09-21 11:06:17',NULL),(15,5,1,'2023-09-21 11:06:17','2023-09-21 11:06:17',NULL),(16,5,2,'2023-09-21 11:06:17','2023-09-21 11:06:17',NULL),(17,5,3,'2023-09-21 11:06:17','2023-09-21 11:06:17',NULL),(18,6,1,'2023-09-21 11:06:17','2023-09-21 11:06:17',NULL),(19,6,2,'2023-09-21 11:06:17','2023-09-21 11:06:17',NULL),(20,6,3,'2023-09-21 11:06:17','2023-09-21 11:06:17',NULL),(21,7,4,'2023-09-21 11:06:17','2023-09-21 11:06:17',NULL),(22,7,1,'2023-09-21 11:06:17','2023-09-21 11:06:17',NULL),(23,7,2,'2023-09-21 11:06:17','2023-09-21 11:06:17',NULL),(24,7,6,'2023-09-21 11:06:17','2023-09-21 11:06:17',NULL),(25,8,4,'2023-09-21 11:06:17','2023-09-21 11:06:17',NULL),(26,8,1,'2023-09-21 11:06:17','2023-09-21 11:06:17',NULL),(27,8,2,'2023-09-21 11:06:17','2023-09-21 11:06:17',NULL),(28,8,6,'2023-09-21 11:06:17','2023-09-21 11:06:17',NULL),(29,9,4,'2023-09-21 11:06:17','2023-09-21 11:06:17',NULL),(30,9,1,'2023-09-21 11:06:17','2023-09-21 11:06:17',NULL),(31,9,2,'2023-09-21 11:06:17','2023-09-21 11:06:17',NULL),(32,9,6,'2023-09-21 11:06:17','2023-09-21 11:06:17',NULL);
/*!40000 ALTER TABLE `FacultyCategories` ENABLE KEYS */;
UNLOCK TABLES;

--
-- Table structure for table `Features`
--

DROP TABLE IF EXISTS `Features`;
/*!40101 SET @saved_cs_client     = @@character_set_client */;
/*!50503 SET character_set_client = utf8mb4 */;
CREATE TABLE `Features` (
  `id` int NOT NULL AUTO_INCREMENT,
  `content` varchar(255) DEFAULT NULL,
  `courseId` int DEFAULT NULL,
  `createdAt` datetime NOT NULL,
  `updatedAt` datetime NOT NULL,
  `deletedAt` datetime DEFAULT NULL,
  PRIMARY KEY (`id`),
  KEY `courseId` (`courseId`),
  CONSTRAINT `Features_ibfk_1` FOREIGN KEY (`courseId`) REFERENCES `Courses` (`id`)
) ENGINE=InnoDB DEFAULT CHARSET=utf8mb4 COLLATE=utf8mb4_0900_ai_ci;
/*!40101 SET character_set_client = @saved_cs_client */;

--
-- Dumping data for table `Features`
--

LOCK TABLES `Features` WRITE;
/*!40000 ALTER TABLE `Features` DISABLE KEYS */;
/*!40000 ALTER TABLE `Features` ENABLE KEYS */;
UNLOCK TABLES;

--
-- Table structure for table `Genders`
--

DROP TABLE IF EXISTS `Genders`;
/*!40101 SET @saved_cs_client     = @@character_set_client */;
/*!50503 SET character_set_client = utf8mb4 */;
CREATE TABLE `Genders` (
  `id` int NOT NULL AUTO_INCREMENT,
  `name` varchar(255) DEFAULT NULL,
  `createdAt` datetime NOT NULL,
  `updatedAt` datetime NOT NULL,
  `deletedAt` datetime DEFAULT NULL,
  PRIMARY KEY (`id`)
) ENGINE=InnoDB DEFAULT CHARSET=utf8mb4 COLLATE=utf8mb4_0900_ai_ci;
/*!40101 SET character_set_client = @saved_cs_client */;

--
-- Dumping data for table `Genders`
--

LOCK TABLES `Genders` WRITE;
/*!40000 ALTER TABLE `Genders` DISABLE KEYS */;
/*!40000 ALTER TABLE `Genders` ENABLE KEYS */;
UNLOCK TABLES;

--
-- Table structure for table `Memberships`
--

DROP TABLE IF EXISTS `Memberships`;
/*!40101 SET @saved_cs_client     = @@character_set_client */;
/*!50503 SET character_set_client = utf8mb4 */;
CREATE TABLE `Memberships` (
  `id` int NOT NULL AUTO_INCREMENT,
  `name` varchar(255) DEFAULT NULL,
  `image` varchar(255) DEFAULT NULL,
  `quota` int DEFAULT NULL,
  `price` varchar(255) DEFAULT NULL,
  `description` varchar(255) DEFAULT NULL,
  `createdAt` datetime NOT NULL,
  `updatedAt` datetime NOT NULL,
  `deletedAt` datetime DEFAULT NULL,
  `days` tinyint(1) DEFAULT NULL,
  `order` tinyint(1) DEFAULT NULL,
  PRIMARY KEY (`id`)
) ENGINE=InnoDB AUTO_INCREMENT=15 DEFAULT CHARSET=utf8mb4 COLLATE=utf8mb4_0900_ai_ci;
/*!40101 SET character_set_client = @saved_cs_client */;

--
-- Dumping data for table `Memberships`
--

LOCK TABLES `Memberships` WRITE;
/*!40000 ALTER TABLE `Memberships` DISABLE KEYS */;
INSERT INTO `Memberships` VALUES (1,'BASIC','defaultMembership.jpg',1,'900','Acceso a todo el contenido completo de 1 materia por 30 días','2023-09-21 11:06:17','2023-09-21 11:06:17',NULL,30,1),(2,'BASIC','defaultMembership.jpg',1,'1650','Acceso a todo el contenido completo de 1 materia por 90 días','2023-09-21 11:06:17','2023-09-21 11:06:17',NULL,90,2),(3,'PRO','defaultMembership.jpg',3,'1200','Acceso a todo el contenido completo de hasta 3 materias por 30 días','2023-09-21 11:06:17','2023-09-21 11:06:17',NULL,30,3),(4,'PRO','defaultMembership.jpg',3,'2250','Acceso a todo el contenido completo de hasta 3 materias por 90 días','2023-09-21 11:06:17','2023-09-21 11:06:17',NULL,90,4),(5,'PREMIUM','defaultMembership.jpg',5,'1500','Acceso a todo el contenido completo de hasta 5 materias por 30 días','2023-09-21 11:06:17','2023-09-21 11:06:17',NULL,30,5),(6,'PREMIUM','defaultMembership.jpg',5,'2850','Acceso a todo el contenido completo de hasta 5 materias por 90 días','2023-09-21 11:06:17','2023-09-21 11:06:17',NULL,90,6),(7,'FREE','defaultMembership.jpg',0,'0','Acceso solo al contenido de muestra','2023-09-21 11:06:17','2023-09-21 11:06:17',NULL,30,7),(8,'BASIC','defaultMembership.jpg',1,'900','Acceso a todo el contenido completo de 1 materia por 30 días','2022-12-10 14:16:48','2022-12-10 14:16:48',NULL,30,1),(9,'BASIC','defaultMembership.jpg',1,'1650','Acceso a todo el contenido completo de 1 materia por 90 días','2022-12-10 14:16:48','2022-12-10 14:16:48',NULL,90,2),(10,'PRO','defaultMembership.jpg',3,'1200','Acceso a todo el contenido completo de hasta 3 materias por 30 días','2022-12-10 14:16:48','2022-12-10 14:16:48',NULL,30,3),(11,'PRO','defaultMembership.jpg',3,'2250','Acceso a todo el contenido completo de hasta 3 materias por 90 días','2022-12-10 14:16:48','2022-12-10 14:16:48',NULL,90,4),(12,'PREMIUM','defaultMembership.jpg',5,'1500','Acceso a todo el contenido completo de hasta 5 materias por 30 días','2022-12-10 14:16:48','2022-12-10 14:16:48',NULL,30,5),(13,'PREMIUM','defaultMembership.jpg',5,'2850','Acceso a todo el contenido completo de hasta 5 materias por 90 días','2022-12-10 14:16:48','2022-12-10 14:16:48',NULL,90,6),(14,'FREE','defaultMembership.jpg',0,'0','Acceso solo al contenido de muestra','2022-12-10 14:16:48','2022-12-10 14:16:48',NULL,30,7);
/*!40000 ALTER TABLE `Memberships` ENABLE KEYS */;
UNLOCK TABLES;

--
-- Table structure for table `Notes`
--

DROP TABLE IF EXISTS `Notes`;
/*!40101 SET @saved_cs_client     = @@character_set_client */;
/*!50503 SET character_set_client = utf8mb4 */;
CREATE TABLE `Notes` (
  `id` int NOT NULL AUTO_INCREMENT,
  `title` varchar(255) DEFAULT NULL,
  `file` varchar(255) DEFAULT NULL,
  `courseId` int DEFAULT NULL,
  `createdAt` datetime NOT NULL,
  `updatedAt` datetime NOT NULL,
  PRIMARY KEY (`id`),
  KEY `courseId` (`courseId`),
  CONSTRAINT `Notes_ibfk_1` FOREIGN KEY (`courseId`) REFERENCES `Courses` (`id`)
) ENGINE=InnoDB DEFAULT CHARSET=utf8mb4 COLLATE=utf8mb4_0900_ai_ci;
/*!40101 SET character_set_client = @saved_cs_client */;

--
-- Dumping data for table `Notes`
--

LOCK TABLES `Notes` WRITE;
/*!40000 ALTER TABLE `Notes` DISABLE KEYS */;
/*!40000 ALTER TABLE `Notes` ENABLE KEYS */;
UNLOCK TABLES;

--
-- Table structure for table `Notifications`
--

DROP TABLE IF EXISTS `Notifications`;
/*!40101 SET @saved_cs_client     = @@character_set_client */;
/*!50503 SET character_set_client = utf8mb4 */;
CREATE TABLE `Notifications` (
  `id` int NOT NULL AUTO_INCREMENT,
  `notificationId` varchar(255) DEFAULT NULL,
  `paymentId` varchar(255) DEFAULT NULL,
  `type` varchar(255) DEFAULT NULL,
  `createdAt` datetime NOT NULL,
  `updatedAt` datetime NOT NULL,
  `live_mode` tinyint(1) DEFAULT NULL,
  `action` varchar(255) DEFAULT NULL,
  `date_created` datetime DEFAULT NULL,
  `application_id` varchar(255) DEFAULT NULL,
  `user_id` varchar(255) DEFAULT NULL,
  `api_version` varchar(255) DEFAULT NULL,
  `version` varchar(255) DEFAULT NULL,
  `data` varchar(255) DEFAULT NULL,
  PRIMARY KEY (`id`)
) ENGINE=InnoDB DEFAULT CHARSET=utf8mb4 COLLATE=utf8mb4_0900_ai_ci;
/*!40101 SET character_set_client = @saved_cs_client */;

--
-- Dumping data for table `Notifications`
--

LOCK TABLES `Notifications` WRITE;
/*!40000 ALTER TABLE `Notifications` DISABLE KEYS */;
/*!40000 ALTER TABLE `Notifications` ENABLE KEYS */;
UNLOCK TABLES;

--
-- Table structure for table `Payments`
--

DROP TABLE IF EXISTS `Payments`;
/*!40101 SET @saved_cs_client     = @@character_set_client */;
/*!50503 SET character_set_client = utf8mb4 */;
CREATE TABLE `Payments` (
  `id` int NOT NULL AUTO_INCREMENT,
  `paymentId` varchar(255) DEFAULT NULL,
  `description` varchar(255) DEFAULT NULL,
  `payer_email` varchar(255) DEFAULT NULL,
  `payer_details` varchar(255) DEFAULT NULL,
  `payment_method_id` varchar(255) DEFAULT NULL,
  `status` varchar(255) DEFAULT NULL,
  `status_detail` varchar(255) DEFAULT NULL,
  `transaction_amount` varchar(255) DEFAULT NULL,
  `createdAt` datetime NOT NULL,
  `updatedAt` datetime NOT NULL,
  `payerId` varchar(255) DEFAULT NULL,
  `hqUserId` int DEFAULT NULL,
  `deletedAt` datetime DEFAULT NULL,
  PRIMARY KEY (`id`)
) ENGINE=InnoDB DEFAULT CHARSET=utf8mb4 COLLATE=utf8mb4_0900_ai_ci;
/*!40101 SET character_set_client = @saved_cs_client */;

--
-- Dumping data for table `Payments`
--

LOCK TABLES `Payments` WRITE;
/*!40000 ALTER TABLE `Payments` DISABLE KEYS */;
/*!40000 ALTER TABLE `Payments` ENABLE KEYS */;
UNLOCK TABLES;

--
-- Table structure for table `Questions`
--

DROP TABLE IF EXISTS `Questions`;
/*!40101 SET @saved_cs_client     = @@character_set_client */;
/*!50503 SET character_set_client = utf8mb4 */;
CREATE TABLE `Questions` (
  `id` int NOT NULL AUTO_INCREMENT,
  `content` varchar(255) DEFAULT NULL,
  `score` int DEFAULT NULL,
  `testId` int DEFAULT NULL,
  `createdAt` datetime NOT NULL,
  `updatedAt` datetime NOT NULL,
  `deletedAt` datetime DEFAULT NULL,
  `image` varchar(255) DEFAULT NULL,
  PRIMARY KEY (`id`),
  KEY `testId` (`testId`),
  CONSTRAINT `Questions_ibfk_1` FOREIGN KEY (`testId`) REFERENCES `Tests` (`id`) ON DELETE CASCADE
) ENGINE=InnoDB DEFAULT CHARSET=utf8mb4 COLLATE=utf8mb4_0900_ai_ci;
/*!40101 SET character_set_client = @saved_cs_client */;

--
-- Dumping data for table `Questions`
--

LOCK TABLES `Questions` WRITE;
/*!40000 ALTER TABLE `Questions` DISABLE KEYS */;
/*!40000 ALTER TABLE `Questions` ENABLE KEYS */;
UNLOCK TABLES;

--
-- Table structure for table `Referreds`
--

DROP TABLE IF EXISTS `Referreds`;
/*!40101 SET @saved_cs_client     = @@character_set_client */;
/*!50503 SET character_set_client = utf8mb4 */;
CREATE TABLE `Referreds` (
  `id` int NOT NULL AUTO_INCREMENT,
  `name` varchar(255) DEFAULT NULL,
  `email` varchar(255) DEFAULT NULL,
  `active` tinyint(1) DEFAULT NULL,
  `userId` int DEFAULT NULL,
  `createdAt` datetime NOT NULL,
  `updatedAt` datetime NOT NULL,
  `deletedAt` datetime DEFAULT NULL,
  `code` varchar(255) DEFAULT NULL,
  PRIMARY KEY (`id`),
  KEY `userId` (`userId`),
  CONSTRAINT `Referreds_ibfk_1` FOREIGN KEY (`userId`) REFERENCES `Users` (`id`)
) ENGINE=InnoDB DEFAULT CHARSET=utf8mb4 COLLATE=utf8mb4_0900_ai_ci;
/*!40101 SET character_set_client = @saved_cs_client */;

--
-- Dumping data for table `Referreds`
--

LOCK TABLES `Referreds` WRITE;
/*!40000 ALTER TABLE `Referreds` DISABLE KEYS */;
/*!40000 ALTER TABLE `Referreds` ENABLE KEYS */;
UNLOCK TABLES;

--
-- Table structure for table `Rols`
--

DROP TABLE IF EXISTS `Rols`;
/*!40101 SET @saved_cs_client     = @@character_set_client */;
/*!50503 SET character_set_client = utf8mb4 */;
CREATE TABLE `Rols` (
  `id` int NOT NULL AUTO_INCREMENT,
  `name` varchar(255) DEFAULT NULL,
  `createdAt` datetime NOT NULL,
  `updatedAt` datetime NOT NULL,
  `deletedAt` datetime DEFAULT NULL,
  PRIMARY KEY (`id`)
) ENGINE=InnoDB AUTO_INCREMENT=3 DEFAULT CHARSET=utf8mb4 COLLATE=utf8mb4_0900_ai_ci;
/*!40101 SET character_set_client = @saved_cs_client */;

--
-- Dumping data for table `Rols`
--

LOCK TABLES `Rols` WRITE;
/*!40000 ALTER TABLE `Rols` DISABLE KEYS */;
INSERT INTO `Rols` VALUES (1,'ADMIN','2023-09-21 11:06:17','2023-09-21 11:06:17',NULL),(2,'USER','2023-09-21 11:06:17','2023-09-21 11:06:17',NULL);
/*!40000 ALTER TABLE `Rols` ENABLE KEYS */;
UNLOCK TABLES;

--
-- Table structure for table `sequelizemeta`
--

DROP TABLE IF EXISTS `sequelizemeta`;
/*!40101 SET @saved_cs_client     = @@character_set_client */;
/*!50503 SET character_set_client = utf8mb4 */;
CREATE TABLE `sequelizemeta` (
  `name` varchar(255) COLLATE utf8mb3_unicode_ci NOT NULL,
  PRIMARY KEY (`name`),
  UNIQUE KEY `name` (`name`)
) ENGINE=InnoDB DEFAULT CHARSET=utf8mb3 COLLATE=utf8mb3_unicode_ci;
/*!40101 SET character_set_client = @saved_cs_client */;

--
-- Dumping data for table `sequelizemeta`
--

LOCK TABLES `sequelizemeta` WRITE;
/*!40000 ALTER TABLE `sequelizemeta` DISABLE KEYS */;
INSERT INTO `sequelizemeta` VALUES ('20220806133823-create-rol.js'),('20220806134146-create-gender.js'),('20220806134147-create-membership.js'),('20220806134148-create-user.js'),('20220809152053-create-university.js'),('20220809152054-create-faculty.js'),('20220810182024-create-teacher.js'),('20220810182025-create-career.js'),('20220810182025-create-category.js'),('20220810182026-create-course.js'),('20220810182636-create-year.js'),('20220810182637-create-turn.js'),('20220810182638-create-unit.js'),('20220810182639-create-video.js'),('20220810183813-create-user-course.js'),('20220810192510-create-feature.js'),('20220810192949-create-test.js'),('20220810193153-create-question.js'),('20220810193348-create-answer.js'),('20220810193925-create-referred.js'),('20220815091449-create-course-career.js'),('20220815091450-create-faculty-category.js'),('20220816011149-create-note.js'),('20221010080009-create-user-Videos.js'),('20221018075842-create-usertest.js'),('20221027082450-addColumnTableQuestions.js'),('20221029183925-addColumnTableUserTests.js'),('20221029183928-addColumnIdMpTableMemberships.js'),('20221029183929-addColumnCodeInUsers.js'),('20221029183930-addColumnVerfifyInUsers.js'),('20221029183931-create-Notifications.js'),('20221029183935-addColumnCodeInReferreds.js'),('20221029183935-create-payment.js'),('20221029183936-addColumnSubscriptionIdInUsers.js'),('20221029183937-addColumnSubscriptionStatusInUsers.js'),('20221029183938-addColumnPayerIdInUsers.js'),('20221029183939-addColumnPayerIdInPayment.js'),('20221029183941-addColumnLiveModeInNotifications.js'),('20221029183942-addColumnActionInNotifications.js'),('20221029183943-addColumnDateCreatedInNotifications.js'),('20221029183944-addColumnApplicationIdInNotifications.js'),('20221029183945-addColumnUserIdInNotifications copy.js'),('20221029183946-addColumnVersionInNotifications.js'),('20221029183947-addColumnApiVersionInNotifications.js'),('20221029183948-addColumnHqUserIdInPayments.js'),('20221029183949-addColumnDataInNotifications.js'),('20221029183950-addColumnDeletedAtInPayments.js'),('20221029183951-modifyColumnPaymentIdTypeInPayments.js'),('20221029183952-modifyColumnNotificationIdTypeInNotifications.js'),('20221029183953-modifyColumnUserIdTypeInNotifications.js'),('20221029183954-modifyColumnPaymentIdTypeInNotifications.js'),('20221029183955-modifyColumnApplicationIdTypeInNotifications copy.js'),('20221029183956-addColumnConfirmedSubscriptionInUser.js'),('20221029183957-addColumnPendingMembershipIdInUser.js'),('20221204121804-create-Turns-Courses.js'),('20221210105850-dropColumnMp_checkoutInMemberships.js'),('20221210105851-dropColumnMp_IdInMemberships.js'),('20221210105852-addColumnDaysInMemberships.js'),('20221210105853-addColumnOrderInMemberships.js'),('20221224173653-addColumnContinueConfirmationDateInUserCourses.js'),('20221224173654-addColumnContinueConfirmInUserCourses.js');
/*!40000 ALTER TABLE `sequelizemeta` ENABLE KEYS */;
UNLOCK TABLES;

--
-- Table structure for table `Teachers`
--

DROP TABLE IF EXISTS `Teachers`;
/*!40101 SET @saved_cs_client     = @@character_set_client */;
/*!50503 SET character_set_client = utf8mb4 */;
CREATE TABLE `Teachers` (
  `id` int NOT NULL AUTO_INCREMENT,
  `name` varchar(255) DEFAULT NULL,
  `surname` varchar(255) DEFAULT NULL,
  `image` varchar(255) DEFAULT NULL,
  `degree` varchar(255) DEFAULT NULL,
  `createdAt` datetime NOT NULL,
  `updatedAt` datetime NOT NULL,
  `deletedAt` datetime DEFAULT NULL,
  PRIMARY KEY (`id`)
) ENGINE=InnoDB AUTO_INCREMENT=2 DEFAULT CHARSET=utf8mb4 COLLATE=utf8mb4_0900_ai_ci;
/*!40101 SET character_set_client = @saved_cs_client */;

--
-- Dumping data for table `Teachers`
--

LOCK TABLES `Teachers` WRITE;
/*!40000 ALTER TABLE `Teachers` DISABLE KEYS */;
INSERT INTO `Teachers` VALUES (1,'Carlos','Torrez','noImage.png','Ing.','2023-09-21 11:06:17','2023-09-21 11:06:17',NULL);
/*!40000 ALTER TABLE `Teachers` ENABLE KEYS */;
UNLOCK TABLES;

--
-- Table structure for table `Tests`
--

DROP TABLE IF EXISTS `Tests`;
/*!40101 SET @saved_cs_client     = @@character_set_client */;
/*!50503 SET character_set_client = utf8mb4 */;
CREATE TABLE `Tests` (
  `id` int NOT NULL AUTO_INCREMENT,
  `name` varchar(255) DEFAULT NULL,
  `score` int DEFAULT NULL,
  `time` int DEFAULT NULL,
  `courseId` int DEFAULT NULL,
  `createdAt` datetime NOT NULL,
  `updatedAt` datetime NOT NULL,
  `deletedAt` datetime DEFAULT NULL,
  PRIMARY KEY (`id`),
  KEY `courseId` (`courseId`),
  CONSTRAINT `Tests_ibfk_1` FOREIGN KEY (`courseId`) REFERENCES `Courses` (`id`)
) ENGINE=InnoDB DEFAULT CHARSET=utf8mb4 COLLATE=utf8mb4_0900_ai_ci;
/*!40101 SET character_set_client = @saved_cs_client */;

--
-- Dumping data for table `Tests`
--

LOCK TABLES `Tests` WRITE;
/*!40000 ALTER TABLE `Tests` DISABLE KEYS */;
/*!40000 ALTER TABLE `Tests` ENABLE KEYS */;
UNLOCK TABLES;

--
-- Table structure for table `TurnCourses`
--

DROP TABLE IF EXISTS `TurnCourses`;
/*!40101 SET @saved_cs_client     = @@character_set_client */;
/*!50503 SET character_set_client = utf8mb4 */;
CREATE TABLE `TurnCourses` (
  `id` int NOT NULL AUTO_INCREMENT,
  `courseId` int DEFAULT NULL,
  `turnId` int DEFAULT NULL,
  `createdAt` datetime NOT NULL,
  `updatedAt` datetime NOT NULL,
  PRIMARY KEY (`id`),
  KEY `courseId` (`courseId`),
  KEY `turnId` (`turnId`),
  CONSTRAINT `TurnCourses_ibfk_1` FOREIGN KEY (`courseId`) REFERENCES `Courses` (`id`) ON DELETE CASCADE,
  CONSTRAINT `TurnCourses_ibfk_2` FOREIGN KEY (`turnId`) REFERENCES `Turns` (`id`) ON DELETE CASCADE
) ENGINE=InnoDB AUTO_INCREMENT=445 DEFAULT CHARSET=utf8mb3;
/*!40101 SET character_set_client = @saved_cs_client */;

--
-- Dumping data for table `TurnCourses`
--

LOCK TABLES `TurnCourses` WRITE;
/*!40000 ALTER TABLE `TurnCourses` DISABLE KEYS */;
INSERT INTO `TurnCourses` VALUES (1,1,1,'2022-12-04 10:09:28','2022-12-04 10:09:28'),(2,1,2,'2022-12-04 10:09:28','2022-12-04 10:09:28'),(3,1,3,'2022-12-04 10:09:28','2022-12-04 10:09:28'),(4,1,4,'2022-12-04 10:09:28','2022-12-04 10:09:28'),(5,1,5,'2022-12-04 10:09:28','2022-12-04 10:09:28'),(6,1,6,'2022-12-04 10:09:28','2022-12-04 10:09:28'),(7,1,7,'2022-12-04 10:09:28','2022-12-04 10:09:28'),(8,1,8,'2022-12-04 10:09:28','2022-12-04 10:09:28'),(9,1,9,'2022-12-04 10:09:28','2022-12-04 10:09:28'),(10,1,10,'2022-12-04 10:09:28','2022-12-04 10:09:28'),(11,1,11,'2022-12-04 10:09:28','2022-12-04 10:09:28'),(12,1,12,'2022-12-04 10:09:28','2022-12-04 10:09:28'),(13,2,1,'2022-12-04 10:09:28','2022-12-04 10:09:28'),(14,2,2,'2022-12-04 10:09:28','2022-12-04 10:09:28'),(15,2,3,'2022-12-04 10:09:28','2022-12-04 10:09:28'),(16,2,4,'2022-12-04 10:09:28','2022-12-04 10:09:28'),(17,2,5,'2022-12-04 10:09:28','2022-12-04 10:09:28'),(18,2,6,'2022-12-04 10:09:28','2022-12-04 10:09:28'),(19,2,7,'2022-12-04 10:09:28','2022-12-04 10:09:28'),(20,2,8,'2022-12-04 10:09:28','2022-12-04 10:09:28'),(21,2,9,'2022-12-04 10:09:28','2022-12-04 10:09:28'),(22,2,10,'2022-12-04 10:09:28','2022-12-04 10:09:28'),(23,2,11,'2022-12-04 10:09:28','2022-12-04 10:09:28'),(24,2,12,'2022-12-04 10:09:28','2022-12-04 10:09:28'),(25,3,1,'2022-12-04 10:09:28','2022-12-04 10:09:28'),(26,3,2,'2022-12-04 10:09:28','2022-12-04 10:09:28'),(27,3,3,'2022-12-04 10:09:28','2022-12-04 10:09:28'),(28,3,4,'2022-12-04 10:09:28','2022-12-04 10:09:28'),(29,3,5,'2022-12-04 10:09:28','2022-12-04 10:09:28'),(30,3,6,'2022-12-04 10:09:28','2022-12-04 10:09:28'),(31,3,7,'2022-12-04 10:09:28','2022-12-04 10:09:28'),(32,3,8,'2022-12-04 10:09:28','2022-12-04 10:09:28'),(33,3,9,'2022-12-04 10:09:28','2022-12-04 10:09:28'),(34,3,10,'2022-12-04 10:09:28','2022-12-04 10:09:28'),(35,3,11,'2022-12-04 10:09:28','2022-12-04 10:09:28'),(36,3,12,'2022-12-04 10:09:28','2022-12-04 10:09:28'),(37,4,1,'2022-12-04 10:09:28','2022-12-04 10:09:28'),(38,4,2,'2022-12-04 10:09:28','2022-12-04 10:09:28'),(39,4,3,'2022-12-04 10:09:28','2022-12-04 10:09:28'),(40,4,4,'2022-12-04 10:09:28','2022-12-04 10:09:28'),(41,4,5,'2022-12-04 10:09:28','2022-12-04 10:09:28'),(42,4,6,'2022-12-04 10:09:28','2022-12-04 10:09:28'),(43,4,7,'2022-12-04 10:09:28','2022-12-04 10:09:28'),(44,4,8,'2022-12-04 10:09:28','2022-12-04 10:09:28'),(45,4,9,'2022-12-04 10:09:28','2022-12-04 10:09:28'),(46,4,10,'2022-12-04 10:09:28','2022-12-04 10:09:28'),(47,4,11,'2022-12-04 10:09:28','2022-12-04 10:09:28'),(48,4,12,'2022-12-04 10:09:28','2022-12-04 10:09:28'),(49,5,1,'2022-12-04 10:09:28','2022-12-04 10:09:28'),(50,5,2,'2022-12-04 10:09:28','2022-12-04 10:09:28'),(51,5,3,'2022-12-04 10:09:28','2022-12-04 10:09:28'),(52,5,4,'2022-12-04 10:09:28','2022-12-04 10:09:28'),(53,5,5,'2022-12-04 10:09:28','2022-12-04 10:09:28'),(54,5,6,'2022-12-04 10:09:28','2022-12-04 10:09:28'),(55,5,7,'2022-12-04 10:09:28','2022-12-04 10:09:28'),(56,5,8,'2022-12-04 10:09:28','2022-12-04 10:09:28'),(57,5,9,'2022-12-04 10:09:28','2022-12-04 10:09:28'),(58,5,10,'2022-12-04 10:09:28','2022-12-04 10:09:28'),(59,5,11,'2022-12-04 10:09:28','2022-12-04 10:09:28'),(60,5,12,'2022-12-04 10:09:28','2022-12-04 10:09:28'),(61,6,1,'2022-12-04 10:09:28','2022-12-04 10:09:28'),(62,6,2,'2022-12-04 10:09:28','2022-12-04 10:09:28'),(63,6,3,'2022-12-04 10:09:28','2022-12-04 10:09:28'),(64,6,4,'2022-12-04 10:09:28','2022-12-04 10:09:28'),(65,6,5,'2022-12-04 10:09:28','2022-12-04 10:09:28'),(66,6,6,'2022-12-04 10:09:28','2022-12-04 10:09:28'),(67,6,7,'2022-12-04 10:09:28','2022-12-04 10:09:28'),(68,6,8,'2022-12-04 10:09:28','2022-12-04 10:09:28'),(69,6,9,'2022-12-04 10:09:28','2022-12-04 10:09:28'),(70,6,10,'2022-12-04 10:09:28','2022-12-04 10:09:28'),(71,6,11,'2022-12-04 10:09:28','2022-12-04 10:09:28'),(72,6,12,'2022-12-04 10:09:28','2022-12-04 10:09:28'),(73,7,1,'2022-12-04 10:09:28','2022-12-04 10:09:28'),(74,7,2,'2022-12-04 10:09:28','2022-12-04 10:09:28'),(75,7,3,'2022-12-04 10:09:28','2022-12-04 10:09:28'),(76,7,4,'2022-12-04 10:09:28','2022-12-04 10:09:28'),(77,7,5,'2022-12-04 10:09:28','2022-12-04 10:09:28'),(78,7,6,'2022-12-04 10:09:28','2022-12-04 10:09:28'),(79,7,7,'2022-12-04 10:09:28','2022-12-04 10:09:28'),(80,7,8,'2022-12-04 10:09:28','2022-12-04 10:09:28'),(81,7,9,'2022-12-04 10:09:28','2022-12-04 10:09:28'),(82,7,10,'2022-12-04 10:09:28','2022-12-04 10:09:28'),(83,7,11,'2022-12-04 10:09:28','2022-12-04 10:09:28'),(84,7,12,'2022-12-04 10:09:28','2022-12-04 10:09:28'),(85,8,1,'2022-12-04 10:09:28','2022-12-04 10:09:28'),(86,8,2,'2022-12-04 10:09:28','2022-12-04 10:09:28'),(87,8,3,'2022-12-04 10:09:28','2022-12-04 10:09:28'),(88,8,4,'2022-12-04 10:09:28','2022-12-04 10:09:28'),(89,8,5,'2022-12-04 10:09:28','2022-12-04 10:09:28'),(90,8,6,'2022-12-04 10:09:28','2022-12-04 10:09:28'),(91,8,7,'2022-12-04 10:09:28','2022-12-04 10:09:28'),(92,8,8,'2022-12-04 10:09:28','2022-12-04 10:09:28'),(93,8,9,'2022-12-04 10:09:28','2022-12-04 10:09:28'),(94,8,10,'2022-12-04 10:09:28','2022-12-04 10:09:28'),(95,8,11,'2022-12-04 10:09:28','2022-12-04 10:09:28'),(96,8,12,'2022-12-04 10:09:28','2022-12-04 10:09:28'),(97,9,1,'2022-12-04 10:09:28','2022-12-04 10:09:28'),(98,9,2,'2022-12-04 10:09:28','2022-12-04 10:09:28'),(99,9,3,'2022-12-04 10:09:28','2022-12-04 10:09:28'),(100,9,4,'2022-12-04 10:09:28','2022-12-04 10:09:28'),(101,9,5,'2022-12-04 10:09:28','2022-12-04 10:09:28'),(102,9,6,'2022-12-04 10:09:28','2022-12-04 10:09:28'),(103,9,7,'2022-12-04 10:09:28','2022-12-04 10:09:28'),(104,9,8,'2022-12-04 10:09:28','2022-12-04 10:09:28'),(105,9,9,'2022-12-04 10:09:28','2022-12-04 10:09:28'),(106,9,10,'2022-12-04 10:09:28','2022-12-04 10:09:28'),(107,9,11,'2022-12-04 10:09:28','2022-12-04 10:09:28'),(108,9,12,'2022-12-04 10:09:28','2022-12-04 10:09:28'),(109,10,1,'2022-12-04 10:09:28','2022-12-04 10:09:28'),(110,10,2,'2022-12-04 10:09:28','2022-12-04 10:09:28'),(111,10,3,'2022-12-04 10:09:28','2022-12-04 10:09:28'),(112,10,4,'2022-12-04 10:09:28','2022-12-04 10:09:28'),(113,10,5,'2022-12-04 10:09:28','2022-12-04 10:09:28'),(114,10,6,'2022-12-04 10:09:28','2022-12-04 10:09:28'),(115,10,7,'2022-12-04 10:09:28','2022-12-04 10:09:28'),(116,10,8,'2022-12-04 10:09:28','2022-12-04 10:09:28'),(117,10,9,'2022-12-04 10:09:28','2022-12-04 10:09:28'),(118,10,10,'2022-12-04 10:09:28','2022-12-04 10:09:28'),(119,10,11,'2022-12-04 10:09:28','2022-12-04 10:09:28'),(120,10,12,'2022-12-04 10:09:28','2022-12-04 10:09:28'),(121,11,1,'2022-12-04 10:09:28','2022-12-04 10:09:28'),(122,11,2,'2022-12-04 10:09:28','2022-12-04 10:09:28'),(123,11,3,'2022-12-04 10:09:28','2022-12-04 10:09:28'),(124,11,4,'2022-12-04 10:09:28','2022-12-04 10:09:28'),(125,11,5,'2022-12-04 10:09:28','2022-12-04 10:09:28'),(126,11,6,'2022-12-04 10:09:28','2022-12-04 10:09:28'),(127,11,7,'2022-12-04 10:09:28','2022-12-04 10:09:28'),(128,11,8,'2022-12-04 10:09:28','2022-12-04 10:09:28'),(129,11,9,'2022-12-04 10:09:28','2022-12-04 10:09:28'),(130,11,10,'2022-12-04 10:09:28','2022-12-04 10:09:28'),(131,11,11,'2022-12-04 10:09:28','2022-12-04 10:09:28'),(132,11,12,'2022-12-04 10:09:28','2022-12-04 10:09:28'),(133,12,1,'2022-12-04 10:09:28','2022-12-04 10:09:28'),(134,12,2,'2022-12-04 10:09:28','2022-12-04 10:09:28'),(135,12,3,'2022-12-04 10:09:28','2022-12-04 10:09:28'),(136,12,4,'2022-12-04 10:09:28','2022-12-04 10:09:28'),(137,12,5,'2022-12-04 10:09:28','2022-12-04 10:09:28'),(138,12,6,'2022-12-04 10:09:28','2022-12-04 10:09:28'),(139,12,7,'2022-12-04 10:09:28','2022-12-04 10:09:28'),(140,12,8,'2022-12-04 10:09:28','2022-12-04 10:09:28'),(141,12,9,'2022-12-04 10:09:28','2022-12-04 10:09:28'),(142,12,10,'2022-12-04 10:09:28','2022-12-04 10:09:28'),(143,12,11,'2022-12-04 10:09:28','2022-12-04 10:09:28'),(144,12,12,'2022-12-04 10:09:28','2022-12-04 10:09:28'),(145,13,1,'2022-12-04 10:09:28','2022-12-04 10:09:28'),(146,13,2,'2022-12-04 10:09:28','2022-12-04 10:09:28'),(147,13,3,'2022-12-04 10:09:28','2022-12-04 10:09:28'),(148,13,4,'2022-12-04 10:09:28','2022-12-04 10:09:28'),(149,13,5,'2022-12-04 10:09:28','2022-12-04 10:09:28'),(150,13,6,'2022-12-04 10:09:28','2022-12-04 10:09:28'),(151,13,7,'2022-12-04 10:09:28','2022-12-04 10:09:28'),(152,13,8,'2022-12-04 10:09:28','2022-12-04 10:09:28'),(153,13,9,'2022-12-04 10:09:28','2022-12-04 10:09:28'),(154,13,10,'2022-12-04 10:09:28','2022-12-04 10:09:28'),(155,13,11,'2022-12-04 10:09:28','2022-12-04 10:09:28'),(156,13,12,'2022-12-04 10:09:28','2022-12-04 10:09:28'),(157,14,1,'2022-12-04 10:09:28','2022-12-04 10:09:28'),(158,14,2,'2022-12-04 10:09:28','2022-12-04 10:09:28'),(159,14,3,'2022-12-04 10:09:28','2022-12-04 10:09:28'),(160,14,4,'2022-12-04 10:09:28','2022-12-04 10:09:28'),(161,14,5,'2022-12-04 10:09:28','2022-12-04 10:09:28'),(162,14,6,'2022-12-04 10:09:28','2022-12-04 10:09:28'),(163,14,7,'2022-12-04 10:09:28','2022-12-04 10:09:28'),(164,14,8,'2022-12-04 10:09:28','2022-12-04 10:09:28'),(165,14,9,'2022-12-04 10:09:28','2022-12-04 10:09:28'),(166,14,10,'2022-12-04 10:09:28','2022-12-04 10:09:28'),(167,14,11,'2022-12-04 10:09:28','2022-12-04 10:09:28'),(168,14,12,'2022-12-04 10:09:28','2022-12-04 10:09:28'),(169,15,1,'2022-12-04 10:09:28','2022-12-04 10:09:28'),(170,15,2,'2022-12-04 10:09:28','2022-12-04 10:09:28'),(171,15,3,'2022-12-04 10:09:28','2022-12-04 10:09:28'),(172,15,4,'2022-12-04 10:09:28','2022-12-04 10:09:28'),(173,15,5,'2022-12-04 10:09:28','2022-12-04 10:09:28'),(174,15,6,'2022-12-04 10:09:28','2022-12-04 10:09:28'),(175,15,7,'2022-12-04 10:09:28','2022-12-04 10:09:28'),(176,15,8,'2022-12-04 10:09:28','2022-12-04 10:09:28'),(177,15,9,'2022-12-04 10:09:28','2022-12-04 10:09:28'),(178,15,10,'2022-12-04 10:09:28','2022-12-04 10:09:28'),(179,15,11,'2022-12-04 10:09:28','2022-12-04 10:09:28'),(180,15,12,'2022-12-04 10:09:28','2022-12-04 10:09:28'),(181,16,1,'2022-12-04 10:09:28','2022-12-04 10:09:28'),(182,16,2,'2022-12-04 10:09:28','2022-12-04 10:09:28'),(183,16,3,'2022-12-04 10:09:28','2022-12-04 10:09:28'),(184,16,4,'2022-12-04 10:09:28','2022-12-04 10:09:28'),(185,16,5,'2022-12-04 10:09:28','2022-12-04 10:09:28'),(186,16,6,'2022-12-04 10:09:28','2022-12-04 10:09:28'),(187,16,7,'2022-12-04 10:09:28','2022-12-04 10:09:28'),(188,16,8,'2022-12-04 10:09:28','2022-12-04 10:09:28'),(189,16,9,'2022-12-04 10:09:28','2022-12-04 10:09:28'),(190,16,10,'2022-12-04 10:09:28','2022-12-04 10:09:28'),(191,16,11,'2022-12-04 10:09:28','2022-12-04 10:09:28'),(192,16,12,'2022-12-04 10:09:28','2022-12-04 10:09:28'),(193,17,1,'2022-12-04 10:09:28','2022-12-04 10:09:28'),(194,17,2,'2022-12-04 10:09:28','2022-12-04 10:09:28'),(195,17,3,'2022-12-04 10:09:28','2022-12-04 10:09:28'),(196,17,4,'2022-12-04 10:09:28','2022-12-04 10:09:28'),(197,17,5,'2022-12-04 10:09:28','2022-12-04 10:09:28'),(198,17,6,'2022-12-04 10:09:28','2022-12-04 10:09:28'),(199,17,7,'2022-12-04 10:09:28','2022-12-04 10:09:28'),(200,17,8,'2022-12-04 10:09:28','2022-12-04 10:09:28'),(201,17,9,'2022-12-04 10:09:28','2022-12-04 10:09:28'),(202,17,10,'2022-12-04 10:09:28','2022-12-04 10:09:28'),(203,17,11,'2022-12-04 10:09:28','2022-12-04 10:09:28'),(204,17,12,'2022-12-04 10:09:28','2022-12-04 10:09:28'),(205,18,1,'2022-12-04 10:09:28','2022-12-04 10:09:28'),(206,18,2,'2022-12-04 10:09:28','2022-12-04 10:09:28'),(207,18,3,'2022-12-04 10:09:28','2022-12-04 10:09:28'),(208,18,4,'2022-12-04 10:09:28','2022-12-04 10:09:28'),(209,18,5,'2022-12-04 10:09:28','2022-12-04 10:09:28'),(210,18,6,'2022-12-04 10:09:28','2022-12-04 10:09:28'),(211,18,7,'2022-12-04 10:09:28','2022-12-04 10:09:28'),(212,18,8,'2022-12-04 10:09:28','2022-12-04 10:09:28'),(213,18,9,'2022-12-04 10:09:28','2022-12-04 10:09:28'),(214,18,10,'2022-12-04 10:09:28','2022-12-04 10:09:28'),(215,18,11,'2022-12-04 10:09:28','2022-12-04 10:09:28'),(216,18,12,'2022-12-04 10:09:28','2022-12-04 10:09:28'),(217,19,1,'2022-12-04 10:09:28','2022-12-04 10:09:28'),(218,19,2,'2022-12-04 10:09:28','2022-12-04 10:09:28'),(219,19,3,'2022-12-04 10:09:28','2022-12-04 10:09:28'),(220,19,4,'2022-12-04 10:09:28','2022-12-04 10:09:28'),(221,19,5,'2022-12-04 10:09:28','2022-12-04 10:09:28'),(222,19,6,'2022-12-04 10:09:28','2022-12-04 10:09:28'),(223,19,7,'2022-12-04 10:09:28','2022-12-04 10:09:28'),(224,19,8,'2022-12-04 10:09:28','2022-12-04 10:09:28'),(225,19,9,'2022-12-04 10:09:28','2022-12-04 10:09:28'),(226,19,10,'2022-12-04 10:09:28','2022-12-04 10:09:28'),(227,19,11,'2022-12-04 10:09:28','2022-12-04 10:09:28'),(228,19,12,'2022-12-04 10:09:28','2022-12-04 10:09:28'),(229,20,1,'2022-12-04 10:09:28','2022-12-04 10:09:28'),(230,20,2,'2022-12-04 10:09:28','2022-12-04 10:09:28'),(231,20,3,'2022-12-04 10:09:28','2022-12-04 10:09:28'),(232,20,4,'2022-12-04 10:09:28','2022-12-04 10:09:28'),(233,20,5,'2022-12-04 10:09:28','2022-12-04 10:09:28'),(234,20,6,'2022-12-04 10:09:28','2022-12-04 10:09:28'),(235,20,7,'2022-12-04 10:09:28','2022-12-04 10:09:28'),(236,20,8,'2022-12-04 10:09:28','2022-12-04 10:09:28'),(237,20,9,'2022-12-04 10:09:28','2022-12-04 10:09:28'),(238,20,10,'2022-12-04 10:09:28','2022-12-04 10:09:28'),(239,20,11,'2022-12-04 10:09:28','2022-12-04 10:09:28'),(240,20,12,'2022-12-04 10:09:28','2022-12-04 10:09:28'),(241,21,1,'2022-12-04 10:09:28','2022-12-04 10:09:28'),(242,21,2,'2022-12-04 10:09:28','2022-12-04 10:09:28'),(243,21,3,'2022-12-04 10:09:28','2022-12-04 10:09:28'),(244,21,4,'2022-12-04 10:09:28','2022-12-04 10:09:28'),(245,21,5,'2022-12-04 10:09:28','2022-12-04 10:09:28'),(246,21,6,'2022-12-04 10:09:28','2022-12-04 10:09:28'),(247,21,7,'2022-12-04 10:09:28','2022-12-04 10:09:28'),(248,21,8,'2022-12-04 10:09:28','2022-12-04 10:09:28'),(249,21,9,'2022-12-04 10:09:28','2022-12-04 10:09:28'),(250,21,10,'2022-12-04 10:09:28','2022-12-04 10:09:28'),(251,21,11,'2022-12-04 10:09:28','2022-12-04 10:09:28'),(252,21,12,'2022-12-04 10:09:28','2022-12-04 10:09:28'),(253,22,1,'2022-12-04 10:09:28','2022-12-04 10:09:28'),(254,22,2,'2022-12-04 10:09:28','2022-12-04 10:09:28'),(255,22,3,'2022-12-04 10:09:28','2022-12-04 10:09:28'),(256,22,4,'2022-12-04 10:09:28','2022-12-04 10:09:28'),(257,22,5,'2022-12-04 10:09:28','2022-12-04 10:09:28'),(258,22,6,'2022-12-04 10:09:28','2022-12-04 10:09:28'),(259,22,7,'2022-12-04 10:09:28','2022-12-04 10:09:28'),(260,22,8,'2022-12-04 10:09:28','2022-12-04 10:09:28'),(261,22,9,'2022-12-04 10:09:28','2022-12-04 10:09:28'),(262,22,10,'2022-12-04 10:09:28','2022-12-04 10:09:28'),(263,22,11,'2022-12-04 10:09:28','2022-12-04 10:09:28'),(264,22,12,'2022-12-04 10:09:28','2022-12-04 10:09:28'),(265,23,1,'2022-12-04 10:09:28','2022-12-04 10:09:28'),(266,23,2,'2022-12-04 10:09:28','2022-12-04 10:09:28'),(267,23,3,'2022-12-04 10:09:28','2022-12-04 10:09:28'),(268,23,4,'2022-12-04 10:09:28','2022-12-04 10:09:28'),(269,23,5,'2022-12-04 10:09:28','2022-12-04 10:09:28'),(270,23,6,'2022-12-04 10:09:28','2022-12-04 10:09:28'),(271,23,7,'2022-12-04 10:09:28','2022-12-04 10:09:28'),(272,23,8,'2022-12-04 10:09:28','2022-12-04 10:09:28'),(273,23,9,'2022-12-04 10:09:28','2022-12-04 10:09:28'),(274,23,10,'2022-12-04 10:09:28','2022-12-04 10:09:28'),(275,23,11,'2022-12-04 10:09:28','2022-12-04 10:09:28'),(276,23,12,'2022-12-04 10:09:28','2022-12-04 10:09:28'),(277,24,1,'2022-12-04 10:09:28','2022-12-04 10:09:28'),(278,24,2,'2022-12-04 10:09:28','2022-12-04 10:09:28'),(279,24,3,'2022-12-04 10:09:28','2022-12-04 10:09:28'),(280,24,4,'2022-12-04 10:09:28','2022-12-04 10:09:28'),(281,24,5,'2022-12-04 10:09:28','2022-12-04 10:09:28'),(282,24,6,'2022-12-04 10:09:28','2022-12-04 10:09:28'),(283,24,7,'2022-12-04 10:09:28','2022-12-04 10:09:28'),(284,24,8,'2022-12-04 10:09:28','2022-12-04 10:09:28'),(285,24,9,'2022-12-04 10:09:28','2022-12-04 10:09:28'),(286,24,10,'2022-12-04 10:09:28','2022-12-04 10:09:28'),(287,24,11,'2022-12-04 10:09:28','2022-12-04 10:09:28'),(288,24,12,'2022-12-04 10:09:28','2022-12-04 10:09:28'),(289,25,1,'2022-12-04 10:09:28','2022-12-04 10:09:28'),(290,25,2,'2022-12-04 10:09:28','2022-12-04 10:09:28'),(291,25,3,'2022-12-04 10:09:28','2022-12-04 10:09:28'),(292,25,4,'2022-12-04 10:09:28','2022-12-04 10:09:28'),(293,25,5,'2022-12-04 10:09:28','2022-12-04 10:09:28'),(294,25,6,'2022-12-04 10:09:28','2022-12-04 10:09:28'),(295,25,7,'2022-12-04 10:09:28','2022-12-04 10:09:28'),(296,25,8,'2022-12-04 10:09:28','2022-12-04 10:09:28'),(297,25,9,'2022-12-04 10:09:28','2022-12-04 10:09:28'),(298,25,10,'2022-12-04 10:09:28','2022-12-04 10:09:28'),(299,25,11,'2022-12-04 10:09:28','2022-12-04 10:09:28'),(300,25,12,'2022-12-04 10:09:28','2022-12-04 10:09:28'),(301,26,1,'2022-12-04 10:09:28','2022-12-04 10:09:28'),(302,26,2,'2022-12-04 10:09:28','2022-12-04 10:09:28'),(303,26,3,'2022-12-04 10:09:28','2022-12-04 10:09:28'),(304,26,4,'2022-12-04 10:09:28','2022-12-04 10:09:28'),(305,26,5,'2022-12-04 10:09:28','2022-12-04 10:09:28'),(306,26,6,'2022-12-04 10:09:28','2022-12-04 10:09:28'),(307,26,7,'2022-12-04 10:09:28','2022-12-04 10:09:28'),(308,26,8,'2022-12-04 10:09:28','2022-12-04 10:09:28'),(309,26,9,'2022-12-04 10:09:28','2022-12-04 10:09:28'),(310,26,10,'2022-12-04 10:09:28','2022-12-04 10:09:28'),(311,26,11,'2022-12-04 10:09:28','2022-12-04 10:09:28'),(312,26,12,'2022-12-04 10:09:28','2022-12-04 10:09:28'),(313,27,1,'2022-12-04 10:09:28','2022-12-04 10:09:28'),(314,27,2,'2022-12-04 10:09:28','2022-12-04 10:09:28'),(315,27,3,'2022-12-04 10:09:28','2022-12-04 10:09:28'),(316,27,4,'2022-12-04 10:09:28','2022-12-04 10:09:28'),(317,27,5,'2022-12-04 10:09:28','2022-12-04 10:09:28'),(318,27,6,'2022-12-04 10:09:28','2022-12-04 10:09:28'),(319,27,7,'2022-12-04 10:09:28','2022-12-04 10:09:28'),(320,27,8,'2022-12-04 10:09:28','2022-12-04 10:09:28'),(321,27,9,'2022-12-04 10:09:28','2022-12-04 10:09:28'),(322,27,10,'2022-12-04 10:09:28','2022-12-04 10:09:28'),(323,27,11,'2022-12-04 10:09:28','2022-12-04 10:09:28'),(324,27,12,'2022-12-04 10:09:28','2022-12-04 10:09:28'),(325,28,1,'2022-12-04 10:09:28','2022-12-04 10:09:28'),(326,28,2,'2022-12-04 10:09:28','2022-12-04 10:09:28'),(327,28,3,'2022-12-04 10:09:28','2022-12-04 10:09:28'),(328,28,4,'2022-12-04 10:09:28','2022-12-04 10:09:28'),(329,28,5,'2022-12-04 10:09:28','2022-12-04 10:09:28'),(330,28,6,'2022-12-04 10:09:28','2022-12-04 10:09:28'),(331,28,7,'2022-12-04 10:09:28','2022-12-04 10:09:28'),(332,28,8,'2022-12-04 10:09:28','2022-12-04 10:09:28'),(333,28,9,'2022-12-04 10:09:28','2022-12-04 10:09:28'),(334,28,10,'2022-12-04 10:09:28','2022-12-04 10:09:28'),(335,28,11,'2022-12-04 10:09:28','2022-12-04 10:09:28'),(336,28,12,'2022-12-04 10:09:28','2022-12-04 10:09:28'),(337,29,1,'2022-12-04 10:09:28','2022-12-04 10:09:28'),(338,29,2,'2022-12-04 10:09:28','2022-12-04 10:09:28'),(339,29,3,'2022-12-04 10:09:28','2022-12-04 10:09:28'),(340,29,4,'2022-12-04 10:09:28','2022-12-04 10:09:28'),(341,29,5,'2022-12-04 10:09:28','2022-12-04 10:09:28'),(342,29,6,'2022-12-04 10:09:28','2022-12-04 10:09:28'),(343,29,7,'2022-12-04 10:09:28','2022-12-04 10:09:28'),(344,29,8,'2022-12-04 10:09:28','2022-12-04 10:09:28'),(345,29,9,'2022-12-04 10:09:28','2022-12-04 10:09:28'),(346,29,10,'2022-12-04 10:09:28','2022-12-04 10:09:28'),(347,29,11,'2022-12-04 10:09:28','2022-12-04 10:09:28'),(348,29,12,'2022-12-04 10:09:28','2022-12-04 10:09:28'),(349,30,1,'2022-12-04 10:09:28','2022-12-04 10:09:28'),(350,30,2,'2022-12-04 10:09:28','2022-12-04 10:09:28'),(351,30,3,'2022-12-04 10:09:28','2022-12-04 10:09:28'),(352,30,4,'2022-12-04 10:09:28','2022-12-04 10:09:28'),(353,30,5,'2022-12-04 10:09:28','2022-12-04 10:09:28'),(354,30,6,'2022-12-04 10:09:28','2022-12-04 10:09:28'),(355,30,7,'2022-12-04 10:09:28','2022-12-04 10:09:28'),(356,30,8,'2022-12-04 10:09:28','2022-12-04 10:09:28'),(357,30,9,'2022-12-04 10:09:28','2022-12-04 10:09:28'),(358,30,10,'2022-12-04 10:09:28','2022-12-04 10:09:28'),(359,30,11,'2022-12-04 10:09:28','2022-12-04 10:09:28'),(360,30,12,'2022-12-04 10:09:28','2022-12-04 10:09:28'),(361,31,1,'2022-12-04 10:09:28','2022-12-04 10:09:28'),(362,31,2,'2022-12-04 10:09:28','2022-12-04 10:09:28'),(363,31,3,'2022-12-04 10:09:28','2022-12-04 10:09:28'),(364,31,4,'2022-12-04 10:09:28','2022-12-04 10:09:28'),(365,31,5,'2022-12-04 10:09:28','2022-12-04 10:09:28'),(366,31,6,'2022-12-04 10:09:28','2022-12-04 10:09:28'),(367,31,7,'2022-12-04 10:09:28','2022-12-04 10:09:28'),(368,31,8,'2022-12-04 10:09:28','2022-12-04 10:09:28'),(369,31,9,'2022-12-04 10:09:28','2022-12-04 10:09:28'),(370,31,10,'2022-12-04 10:09:28','2022-12-04 10:09:28'),(371,31,11,'2022-12-04 10:09:28','2022-12-04 10:09:28'),(372,31,12,'2022-12-04 10:09:28','2022-12-04 10:09:28'),(373,32,1,'2022-12-04 10:09:28','2022-12-04 10:09:28'),(374,32,2,'2022-12-04 10:09:28','2022-12-04 10:09:28'),(375,32,3,'2022-12-04 10:09:28','2022-12-04 10:09:28'),(376,32,4,'2022-12-04 10:09:28','2022-12-04 10:09:28'),(377,32,5,'2022-12-04 10:09:28','2022-12-04 10:09:28'),(378,32,6,'2022-12-04 10:09:28','2022-12-04 10:09:28'),(379,32,7,'2022-12-04 10:09:28','2022-12-04 10:09:28'),(380,32,8,'2022-12-04 10:09:28','2022-12-04 10:09:28'),(381,32,9,'2022-12-04 10:09:28','2022-12-04 10:09:28'),(382,32,10,'2022-12-04 10:09:28','2022-12-04 10:09:28'),(383,32,11,'2022-12-04 10:09:28','2022-12-04 10:09:28'),(384,32,12,'2022-12-04 10:09:28','2022-12-04 10:09:28'),(385,33,1,'2022-12-04 10:09:28','2022-12-04 10:09:28'),(386,33,2,'2022-12-04 10:09:28','2022-12-04 10:09:28'),(387,33,3,'2022-12-04 10:09:28','2022-12-04 10:09:28'),(388,33,4,'2022-12-04 10:09:28','2022-12-04 10:09:28'),(389,33,5,'2022-12-04 10:09:28','2022-12-04 10:09:28'),(390,33,6,'2022-12-04 10:09:28','2022-12-04 10:09:28'),(391,33,7,'2022-12-04 10:09:28','2022-12-04 10:09:28'),(392,33,8,'2022-12-04 10:09:28','2022-12-04 10:09:28'),(393,33,9,'2022-12-04 10:09:28','2022-12-04 10:09:28'),(394,33,10,'2022-12-04 10:09:28','2022-12-04 10:09:28'),(395,33,11,'2022-12-04 10:09:28','2022-12-04 10:09:28'),(396,33,12,'2022-12-04 10:09:28','2022-12-04 10:09:28'),(397,34,1,'2022-12-04 10:09:28','2022-12-04 10:09:28'),(398,34,2,'2022-12-04 10:09:28','2022-12-04 10:09:28'),(399,34,3,'2022-12-04 10:09:28','2022-12-04 10:09:28'),(400,34,4,'2022-12-04 10:09:28','2022-12-04 10:09:28'),(401,34,5,'2022-12-04 10:09:28','2022-12-04 10:09:28'),(402,34,6,'2022-12-04 10:09:28','2022-12-04 10:09:28'),(403,34,7,'2022-12-04 10:09:28','2022-12-04 10:09:28'),(404,34,8,'2022-12-04 10:09:28','2022-12-04 10:09:28'),(405,34,9,'2022-12-04 10:09:28','2022-12-04 10:09:28'),(406,34,10,'2022-12-04 10:09:28','2022-12-04 10:09:28'),(407,34,11,'2022-12-04 10:09:28','2022-12-04 10:09:28'),(408,34,12,'2022-12-04 10:09:28','2022-12-04 10:09:28'),(409,35,1,'2022-12-04 10:09:28','2022-12-04 10:09:28'),(410,35,2,'2022-12-04 10:09:28','2022-12-04 10:09:28'),(411,35,3,'2022-12-04 10:09:28','2022-12-04 10:09:28'),(412,35,4,'2022-12-04 10:09:28','2022-12-04 10:09:28'),(413,35,5,'2022-12-04 10:09:28','2022-12-04 10:09:28'),(414,35,6,'2022-12-04 10:09:28','2022-12-04 10:09:28'),(415,35,7,'2022-12-04 10:09:28','2022-12-04 10:09:28'),(416,35,8,'2022-12-04 10:09:28','2022-12-04 10:09:28'),(417,35,9,'2022-12-04 10:09:28','2022-12-04 10:09:28'),(418,35,10,'2022-12-04 10:09:28','2022-12-04 10:09:28'),(419,35,11,'2022-12-04 10:09:28','2022-12-04 10:09:28'),(420,35,12,'2022-12-04 10:09:28','2022-12-04 10:09:28'),(421,36,1,'2022-12-04 10:09:28','2022-12-04 10:09:28'),(422,36,2,'2022-12-04 10:09:28','2022-12-04 10:09:28'),(423,36,3,'2022-12-04 10:09:28','2022-12-04 10:09:28'),(424,36,4,'2022-12-04 10:09:28','2022-12-04 10:09:28'),(425,36,5,'2022-12-04 10:09:28','2022-12-04 10:09:28'),(426,36,6,'2022-12-04 10:09:28','2022-12-04 10:09:28'),(427,36,7,'2022-12-04 10:09:28','2022-12-04 10:09:28'),(428,36,8,'2022-12-04 10:09:28','2022-12-04 10:09:28'),(429,36,9,'2022-12-04 10:09:28','2022-12-04 10:09:28'),(430,36,10,'2022-12-04 10:09:28','2022-12-04 10:09:28'),(431,36,11,'2022-12-04 10:09:28','2022-12-04 10:09:28'),(432,36,12,'2022-12-04 10:09:28','2022-12-04 10:09:28'),(433,37,1,'2022-12-04 10:09:28','2022-12-04 10:09:28'),(434,37,2,'2022-12-04 10:09:28','2022-12-04 10:09:28'),(435,37,3,'2022-12-04 10:09:28','2022-12-04 10:09:28'),(436,37,4,'2022-12-04 10:09:28','2022-12-04 10:09:28'),(437,37,5,'2022-12-04 10:09:28','2022-12-04 10:09:28'),(438,37,6,'2022-12-04 10:09:28','2022-12-04 10:09:28'),(439,37,7,'2022-12-04 10:09:28','2022-12-04 10:09:28'),(440,37,8,'2022-12-04 10:09:28','2022-12-04 10:09:28'),(441,37,9,'2022-12-04 10:09:28','2022-12-04 10:09:28'),(442,37,10,'2022-12-04 10:09:28','2022-12-04 10:09:28'),(443,37,11,'2022-12-04 10:09:28','2022-12-04 10:09:28'),(444,37,12,'2022-12-04 10:09:28','2022-12-04 10:09:28');
/*!40000 ALTER TABLE `TurnCourses` ENABLE KEYS */;
UNLOCK TABLES;

--
-- Table structure for table `Turns`
--

DROP TABLE IF EXISTS `Turns`;
/*!40101 SET @saved_cs_client     = @@character_set_client */;
/*!50503 SET character_set_client = utf8mb4 */;
CREATE TABLE `Turns` (
  `id` int NOT NULL AUTO_INCREMENT,
  `month` varchar(255) DEFAULT NULL,
  `createdAt` datetime NOT NULL,
  `updatedAt` datetime NOT NULL,
  PRIMARY KEY (`id`)
) ENGINE=InnoDB AUTO_INCREMENT=13 DEFAULT CHARSET=utf8mb4 COLLATE=utf8mb4_0900_ai_ci;
/*!40101 SET character_set_client = @saved_cs_client */;

--
-- Dumping data for table `Turns`
--

LOCK TABLES `Turns` WRITE;
/*!40000 ALTER TABLE `Turns` DISABLE KEYS */;
INSERT INTO `Turns` VALUES (1,'Enero','2023-09-21 11:06:17','2023-09-21 11:06:17'),(2,'Febrero','2023-09-21 11:06:17','2023-09-21 11:06:17'),(3,'Marzo','2023-09-21 11:06:17','2023-09-21 11:06:17'),(4,'Abril','2023-09-21 11:06:17','2023-09-21 11:06:17'),(5,'Mayo','2023-09-21 11:06:17','2023-09-21 11:06:17'),(6,'Junio','2023-09-21 11:06:17','2023-09-21 11:06:17'),(7,'Julio','2023-09-21 11:06:17','2023-09-21 11:06:17'),(8,'Agosto','2023-09-21 11:06:17','2023-09-21 11:06:17'),(9,'Septiembre','2023-09-21 11:06:17','2023-09-21 11:06:17'),(10,'Octubre','2023-09-21 11:06:17','2023-09-21 11:06:17'),(11,'Noviembre','2023-09-21 11:06:17','2023-09-21 11:06:17'),(12,'Diciembre','2023-09-21 11:06:17','2023-09-21 11:06:17');
/*!40000 ALTER TABLE `Turns` ENABLE KEYS */;
UNLOCK TABLES;

--
-- Table structure for table `Units`
--

DROP TABLE IF EXISTS `Units`;
/*!40101 SET @saved_cs_client     = @@character_set_client */;
/*!50503 SET character_set_client = utf8mb4 */;
CREATE TABLE `Units` (
  `id` int NOT NULL AUTO_INCREMENT,
  `number` int DEFAULT NULL,
  `name` varchar(255) DEFAULT NULL,
  `courseId` int DEFAULT NULL,
  `createdAt` datetime NOT NULL,
  `updatedAt` datetime NOT NULL,
  `deletedAt` datetime DEFAULT NULL,
  PRIMARY KEY (`id`),
  KEY `courseId` (`courseId`),
  CONSTRAINT `Units_ibfk_1` FOREIGN KEY (`courseId`) REFERENCES `Courses` (`id`)
) ENGINE=InnoDB AUTO_INCREMENT=371 DEFAULT CHARSET=utf8mb4 COLLATE=utf8mb4_0900_ai_ci;
/*!40101 SET character_set_client = @saved_cs_client */;

--
-- Dumping data for table `Units`
--

LOCK TABLES `Units` WRITE;
/*!40000 ALTER TABLE `Units` DISABLE KEYS */;
INSERT INTO `Units` VALUES (1,1,'magnis dis parturient',1,'2023-09-21 11:06:17','2023-09-21 11:06:17',NULL),(2,2,'pretium nisl ut',2,'2023-09-21 11:06:17','2023-09-21 11:06:17',NULL),(3,3,'dui luctus rutrum',3,'2023-09-21 11:06:17','2023-09-21 11:06:17',NULL),(4,4,'ac nibh fusce lacus purus',4,'2023-09-21 11:06:17','2023-09-21 11:06:17',NULL),(5,5,'odio donec vitae',5,'2023-09-21 11:06:17','2023-09-21 11:06:17',NULL),(6,6,'risus semper porta',6,'2023-09-21 11:06:17','2023-09-21 11:06:17',NULL),(7,7,'ipsum primis in faucibus',7,'2023-09-21 11:06:17','2023-09-21 11:06:17',NULL),(8,8,'dui vel sem',8,'2023-09-21 11:06:17','2023-09-21 11:06:17',NULL),(9,9,'nibh ligula nec sem duis',9,'2023-09-21 11:06:17','2023-09-21 11:06:17',NULL),(10,10,'nec nisi volutpat eleifend donec',10,'2023-09-21 11:06:17','2023-09-21 11:06:17',NULL),(11,1,'sem mauris laoreet ut rhoncus',11,'2023-09-21 11:06:17','2023-09-21 11:06:17',NULL),(12,2,'potenti in eleifend quam a',12,'2023-09-21 11:06:17','2023-09-21 11:06:17',NULL),(13,3,'ullamcorper augue a',13,'2023-09-21 11:06:17','2023-09-21 11:06:17',NULL),(14,4,'mattis egestas metus aenean',14,'2023-09-21 11:06:17','2023-09-21 11:06:17',NULL),(15,5,'pulvinar nulla pede',15,'2023-09-21 11:06:17','2023-09-21 11:06:17',NULL),(16,6,'est lacinia nisi venenatis',16,'2023-09-21 11:06:17','2023-09-21 11:06:17',NULL),(17,7,'elementum ligula vehicula consequat',17,'2023-09-21 11:06:17','2023-09-21 11:06:17',NULL),(18,8,'risus auctor sed tristique in',18,'2023-09-21 11:06:17','2023-09-21 11:06:17',NULL),(19,9,'ligula suspendisse ornare consequat lectus',19,'2023-09-21 11:06:17','2023-09-21 11:06:17',NULL),(20,10,'rutrum at lorem integer tincidunt',20,'2023-09-21 11:06:17','2023-09-21 11:06:17',NULL),(21,1,'quisque arcu libero rutrum',21,'2023-09-21 11:06:17','2023-09-21 11:06:17',NULL),(22,2,'quisque id justo',22,'2023-09-21 11:06:17','2023-09-21 11:06:17',NULL),(23,3,'nulla facilisi cras',23,'2023-09-21 11:06:17','2023-09-21 11:06:17',NULL),(24,4,'maecenas tincidunt lacus at',24,'2023-09-21 11:06:17','2023-09-21 11:06:17',NULL),(25,5,'a suscipit nulla elit',25,'2023-09-21 11:06:17','2023-09-21 11:06:17',NULL),(26,6,'viverra pede ac',26,'2023-09-21 11:06:17','2023-09-21 11:06:17',NULL),(27,7,'dis parturient montes',27,'2023-09-21 11:06:17','2023-09-21 11:06:17',NULL),(28,8,'sed sagittis nam congue',28,'2023-09-21 11:06:17','2023-09-21 11:06:17',NULL),(29,9,'odio in hac',29,'2023-09-21 11:06:17','2023-09-21 11:06:17',NULL),(30,10,'pellentesque ultrices mattis odio donec',30,'2023-09-21 11:06:17','2023-09-21 11:06:17',NULL),(31,1,'tristique est et',31,'2023-09-21 11:06:17','2023-09-21 11:06:17',NULL),(32,2,'libero ut massa volutpat convallis',32,'2023-09-21 11:06:17','2023-09-21 11:06:17',NULL),(33,3,'cubilia curae duis faucibus accumsan',33,'2023-09-21 11:06:17','2023-09-21 11:06:17',NULL),(34,4,'ultrices erat tortor',34,'2023-09-21 11:06:17','2023-09-21 11:06:17',NULL),(35,5,'cubilia curae mauris viverra diam',35,'2023-09-21 11:06:17','2023-09-21 11:06:17',NULL),(36,6,'in blandit ultrices enim lorem',36,'2023-09-21 11:06:17','2023-09-21 11:06:17',NULL),(37,7,'ut at dolor',37,'2023-09-21 11:06:17','2023-09-21 11:06:17',NULL),(38,8,'elementum nullam varius nulla facilisi',1,'2023-09-21 11:06:17','2023-09-21 11:06:17',NULL),(39,9,'bibendum felis sed',2,'2023-09-21 11:06:17','2023-09-21 11:06:17',NULL),(40,10,'vestibulum sed magna',3,'2023-09-21 11:06:17','2023-09-21 11:06:17',NULL),(41,1,'ligula pellentesque ultrices phasellus',4,'2023-09-21 11:06:17','2023-09-21 11:06:17',NULL),(42,2,'justo eu massa',5,'2023-09-21 11:06:17','2023-09-21 11:06:17',NULL),(43,3,'ipsum ac tellus',6,'2023-09-21 11:06:17','2023-09-21 11:06:17',NULL),(44,4,'ut nulla sed accumsan felis',7,'2023-09-21 11:06:17','2023-09-21 11:06:17',NULL),(45,5,'habitasse platea dictumst',8,'2023-09-21 11:06:17','2023-09-21 11:06:17',NULL),(46,6,'phasellus sit amet erat',9,'2023-09-21 11:06:17','2023-09-21 11:06:17',NULL),(47,7,'pellentesque eget nunc',10,'2023-09-21 11:06:17','2023-09-21 11:06:17',NULL),(48,8,'nibh fusce lacus purus',11,'2023-09-21 11:06:17','2023-09-21 11:06:17',NULL),(49,9,'nisl nunc nisl',12,'2023-09-21 11:06:17','2023-09-21 11:06:17',NULL),(50,10,'rutrum nulla nunc',13,'2023-09-21 11:06:17','2023-09-21 11:06:17',NULL),(51,1,'dapibus at diam nam tristique',14,'2023-09-21 11:06:17','2023-09-21 11:06:17',NULL),(52,2,'vel accumsan tellus',15,'2023-09-21 11:06:17','2023-09-21 11:06:17',NULL),(53,3,'at nulla suspendisse potenti cras',16,'2023-09-21 11:06:17','2023-09-21 11:06:17',NULL),(54,4,'mauris ullamcorper purus sit',17,'2023-09-21 11:06:17','2023-09-21 11:06:17',NULL),(55,5,'luctus ultricies eu nibh quisque',18,'2023-09-21 11:06:17','2023-09-21 11:06:17',NULL),(56,6,'at vulputate vitae nisl aenean',19,'2023-09-21 11:06:17','2023-09-21 11:06:17',NULL),(57,7,'id justo sit amet sapien',20,'2023-09-21 11:06:17','2023-09-21 11:06:17',NULL),(58,8,'rhoncus sed vestibulum',21,'2023-09-21 11:06:17','2023-09-21 11:06:17',NULL),(59,9,'justo lacinia eget tincidunt',22,'2023-09-21 11:06:17','2023-09-21 11:06:17',NULL),(60,10,'lobortis vel dapibus at diam',23,'2023-09-21 11:06:17','2023-09-21 11:06:17',NULL),(61,1,'tortor id nulla ultrices aliquet',24,'2023-09-21 11:06:17','2023-09-21 11:06:17',NULL),(62,2,'volutpat convallis morbi odio odio',25,'2023-09-21 11:06:17','2023-09-21 11:06:17',NULL),(63,3,'ut massa volutpat convallis',26,'2023-09-21 11:06:17','2023-09-21 11:06:17',NULL),(64,4,'mi sit amet lobortis sapien',27,'2023-09-21 11:06:17','2023-09-21 11:06:17',NULL),(65,5,'ultrices posuere cubilia curae',28,'2023-09-21 11:06:17','2023-09-21 11:06:17',NULL),(66,6,'ridiculus mus etiam vel',29,'2023-09-21 11:06:17','2023-09-21 11:06:17',NULL),(67,7,'eu tincidunt in leo',30,'2023-09-21 11:06:17','2023-09-21 11:06:17',NULL),(68,8,'habitasse platea dictumst',31,'2023-09-21 11:06:17','2023-09-21 11:06:17',NULL),(69,9,'augue aliquam erat',32,'2023-09-21 11:06:17','2023-09-21 11:06:17',NULL),(70,10,'nulla tellus in',33,'2023-09-21 11:06:17','2023-09-21 11:06:17',NULL),(71,1,'lacinia nisi venenatis tristique',34,'2023-09-21 11:06:17','2023-09-21 11:06:17',NULL),(72,2,'adipiscing elit proin interdum',35,'2023-09-21 11:06:17','2023-09-21 11:06:17',NULL),(73,3,'commodo vulputate justo',36,'2023-09-21 11:06:17','2023-09-21 11:06:17',NULL),(74,4,'convallis nunc proin at',37,'2023-09-21 11:06:17','2023-09-21 11:06:17',NULL),(75,5,'platea dictumst aliquam augue',1,'2023-09-21 11:06:17','2023-09-21 11:06:17',NULL),(76,6,'convallis nulla neque libero',2,'2023-09-21 11:06:17','2023-09-21 11:06:17',NULL),(77,7,'ut dolor morbi vel',3,'2023-09-21 11:06:17','2023-09-21 11:06:17',NULL),(78,8,'pellentesque ultrices mattis odio donec',4,'2023-09-21 11:06:17','2023-09-21 11:06:17',NULL),(79,9,'quam pede lobortis ligula',5,'2023-09-21 11:06:17','2023-09-21 11:06:17',NULL),(80,10,'in porttitor pede',6,'2023-09-21 11:06:17','2023-09-21 11:06:17',NULL),(81,1,'consectetuer eget rutrum at',7,'2023-09-21 11:06:17','2023-09-21 11:06:17',NULL),(82,2,'dictumst etiam faucibus cursus urna',8,'2023-09-21 11:06:17','2023-09-21 11:06:17',NULL),(83,3,'nullam porttitor lacus at turpis',9,'2023-09-21 11:06:17','2023-09-21 11:06:17',NULL),(84,4,'ut volutpat sapien arcu',10,'2023-09-21 11:06:17','2023-09-21 11:06:17',NULL),(85,5,'dolor morbi vel',11,'2023-09-21 11:06:17','2023-09-21 11:06:17',NULL),(86,6,'pede justo eu',12,'2023-09-21 11:06:17','2023-09-21 11:06:17',NULL),(87,7,'accumsan tortor quis turpis',13,'2023-09-21 11:06:17','2023-09-21 11:06:17',NULL),(88,8,'dignissim vestibulum vestibulum ante ipsum',14,'2023-09-21 11:06:17','2023-09-21 11:06:17',NULL),(89,9,'habitasse platea dictumst morbi',15,'2023-09-21 11:06:17','2023-09-21 11:06:17',NULL),(90,10,'semper interdum mauris ullamcorper purus',16,'2023-09-21 11:06:17','2023-09-21 11:06:17',NULL),(91,1,'convallis eget eleifend luctus ultricies',17,'2023-09-21 11:06:17','2023-09-21 11:06:17',NULL),(92,2,'dis parturient montes',18,'2023-09-21 11:06:17','2023-09-21 11:06:17',NULL),(93,3,'commodo vulputate justo in blandit',19,'2023-09-21 11:06:17','2023-09-21 11:06:17',NULL),(94,4,'phasellus in felis',20,'2023-09-21 11:06:17','2023-09-21 11:06:17',NULL),(95,5,'cras non velit',21,'2023-09-21 11:06:17','2023-09-21 11:06:17',NULL),(96,6,'sed vestibulum sit amet',22,'2023-09-21 11:06:17','2023-09-21 11:06:17',NULL),(97,7,'quam pede lobortis ligula sit',23,'2023-09-21 11:06:17','2023-09-21 11:06:17',NULL),(98,8,'platea dictumst maecenas ut',24,'2023-09-21 11:06:17','2023-09-21 11:06:17',NULL),(99,9,'amet consectetuer adipiscing elit proin',25,'2023-09-21 11:06:17','2023-09-21 11:06:17',NULL),(100,10,'sed tristique in',26,'2023-09-21 11:06:17','2023-09-21 11:06:17',NULL),(101,1,'tempus vel pede',27,'2023-09-21 11:06:17','2023-09-21 11:06:17',NULL),(102,2,'odio curabitur convallis',28,'2023-09-21 11:06:17','2023-09-21 11:06:17',NULL),(103,3,'amet lobortis sapien sapien non',29,'2023-09-21 11:06:17','2023-09-21 11:06:17',NULL),(104,4,'vel accumsan tellus nisi',30,'2023-09-21 11:06:17','2023-09-21 11:06:17',NULL),(105,5,'felis fusce posuere felis sed',31,'2023-09-21 11:06:17','2023-09-21 11:06:17',NULL),(106,6,'tincidunt in leo maecenas pulvinar',32,'2023-09-21 11:06:17','2023-09-21 11:06:17',NULL),(107,7,'diam cras pellentesque volutpat dui',33,'2023-09-21 11:06:17','2023-09-21 11:06:17',NULL),(108,8,'in blandit ultrices enim lorem',34,'2023-09-21 11:06:17','2023-09-21 11:06:17',NULL),(109,9,'non velit nec nisi',35,'2023-09-21 11:06:17','2023-09-21 11:06:17',NULL),(110,10,'non quam nec dui',36,'2023-09-21 11:06:17','2023-09-21 11:06:17',NULL),(111,1,'felis eu sapien',37,'2023-09-21 11:06:17','2023-09-21 11:06:17',NULL),(112,2,'rutrum rutrum neque aenean auctor',1,'2023-09-21 11:06:17','2023-09-21 11:06:17',NULL),(113,3,'eros viverra eget',2,'2023-09-21 11:06:17','2023-09-21 11:06:17',NULL),(114,4,'massa quis augue luctus',3,'2023-09-21 11:06:17','2023-09-21 11:06:17',NULL),(115,5,'morbi non quam',4,'2023-09-21 11:06:17','2023-09-21 11:06:17',NULL),(116,6,'ante nulla justo',5,'2023-09-21 11:06:17','2023-09-21 11:06:17',NULL),(117,7,'leo maecenas pulvinar lobortis',6,'2023-09-21 11:06:17','2023-09-21 11:06:17',NULL),(118,8,'etiam vel augue vestibulum',7,'2023-09-21 11:06:17','2023-09-21 11:06:17',NULL),(119,9,'ante ipsum primis in faucibus',8,'2023-09-21 11:06:17','2023-09-21 11:06:17',NULL),(120,10,'in hac habitasse',9,'2023-09-21 11:06:17','2023-09-21 11:06:17',NULL),(121,1,'congue risus semper porta volutpat',10,'2023-09-21 11:06:17','2023-09-21 11:06:17',NULL),(122,2,'dui vel sem sed',11,'2023-09-21 11:06:17','2023-09-21 11:06:17',NULL),(123,3,'at nulla suspendisse potenti cras',12,'2023-09-21 11:06:17','2023-09-21 11:06:17',NULL),(124,4,'dictumst etiam faucibus',13,'2023-09-21 11:06:17','2023-09-21 11:06:17',NULL),(125,5,'justo morbi ut odio',14,'2023-09-21 11:06:17','2023-09-21 11:06:17',NULL),(126,6,'nec molestie sed justo',15,'2023-09-21 11:06:17','2023-09-21 11:06:17',NULL),(127,7,'augue luctus tincidunt nulla mollis',16,'2023-09-21 11:06:17','2023-09-21 11:06:17',NULL),(128,8,'neque aenean auctor',17,'2023-09-21 11:06:17','2023-09-21 11:06:17',NULL),(129,9,'ante ipsum primis in',18,'2023-09-21 11:06:17','2023-09-21 11:06:17',NULL),(130,10,'amet turpis elementum ligula vehicula',19,'2023-09-21 11:06:17','2023-09-21 11:06:17',NULL),(131,1,'imperdiet sapien urna pretium',20,'2023-09-21 11:06:17','2023-09-21 11:06:17',NULL),(132,2,'in faucibus orci',21,'2023-09-21 11:06:17','2023-09-21 11:06:17',NULL),(133,3,'morbi sem mauris laoreet ut',22,'2023-09-21 11:06:17','2023-09-21 11:06:17',NULL),(134,4,'diam in magna bibendum',23,'2023-09-21 11:06:17','2023-09-21 11:06:17',NULL),(135,5,'quis justo maecenas',24,'2023-09-21 11:06:17','2023-09-21 11:06:17',NULL),(136,6,'in libero ut',25,'2023-09-21 11:06:17','2023-09-21 11:06:17',NULL),(137,7,'dictumst morbi vestibulum velit',26,'2023-09-21 11:06:17','2023-09-21 11:06:17',NULL),(138,8,'ut massa quis augue',27,'2023-09-21 11:06:17','2023-09-21 11:06:17',NULL),(139,9,'sagittis sapien cum sociis natoque',28,'2023-09-21 11:06:17','2023-09-21 11:06:17',NULL),(140,10,'condimentum curabitur in',29,'2023-09-21 11:06:17','2023-09-21 11:06:17',NULL),(141,1,'quis odio consequat',30,'2023-09-21 11:06:17','2023-09-21 11:06:17',NULL),(142,2,'tristique in tempus sit amet',31,'2023-09-21 11:06:17','2023-09-21 11:06:17',NULL),(143,3,'convallis eget eleifend luctus',32,'2023-09-21 11:06:17','2023-09-21 11:06:17',NULL),(144,4,'nibh in hac habitasse',33,'2023-09-21 11:06:17','2023-09-21 11:06:17',NULL),(145,5,'nullam porttitor lacus at',34,'2023-09-21 11:06:17','2023-09-21 11:06:17',NULL),(146,6,'id ligula suspendisse ornare',35,'2023-09-21 11:06:17','2023-09-21 11:06:17',NULL),(147,7,'sed tristique in tempus sit',36,'2023-09-21 11:06:17','2023-09-21 11:06:17',NULL),(148,8,'vulputate ut ultrices',37,'2023-09-21 11:06:17','2023-09-21 11:06:17',NULL),(149,9,'purus eu magna vulputate',1,'2023-09-21 11:06:17','2023-09-21 11:06:17',NULL),(150,10,'nec molestie sed justo',2,'2023-09-21 11:06:17','2023-09-21 11:06:17',NULL),(151,1,'pharetra magna vestibulum aliquet',3,'2023-09-21 11:06:17','2023-09-21 11:06:17',NULL),(152,2,'fusce consequat nulla nisl nunc',4,'2023-09-21 11:06:17','2023-09-21 11:06:17',NULL),(153,3,'diam nam tristique',5,'2023-09-21 11:06:17','2023-09-21 11:06:17',NULL),(154,4,'in blandit ultrices',6,'2023-09-21 11:06:17','2023-09-21 11:06:17',NULL),(155,5,'sed sagittis nam',7,'2023-09-21 11:06:17','2023-09-21 11:06:17',NULL),(156,6,'sollicitudin vitae consectetuer eget',8,'2023-09-21 11:06:17','2023-09-21 11:06:17',NULL),(157,7,'aliquet ultrices erat',9,'2023-09-21 11:06:17','2023-09-21 11:06:17',NULL),(158,8,'ut nunc vestibulum ante',10,'2023-09-21 11:06:17','2023-09-21 11:06:17',NULL),(159,9,'metus sapien ut nunc vestibulum',11,'2023-09-21 11:06:17','2023-09-21 11:06:17',NULL),(160,10,'amet lobortis sapien sapien',12,'2023-09-21 11:06:17','2023-09-21 11:06:17',NULL),(161,1,'amet nunc viverra',13,'2023-09-21 11:06:17','2023-09-21 11:06:17',NULL),(162,2,'nisi venenatis tristique fusce',14,'2023-09-21 11:06:17','2023-09-21 11:06:17',NULL),(163,3,'mauris sit amet',15,'2023-09-21 11:06:17','2023-09-21 11:06:17',NULL),(164,4,'at feugiat non pretium',16,'2023-09-21 11:06:17','2023-09-21 11:06:17',NULL),(165,5,'pretium iaculis justo in hac',17,'2023-09-21 11:06:17','2023-09-21 11:06:17',NULL),(166,6,'leo odio condimentum id',18,'2023-09-21 11:06:17','2023-09-21 11:06:17',NULL),(167,7,'at nulla suspendisse',19,'2023-09-21 11:06:17','2023-09-21 11:06:17',NULL),(168,8,'rutrum neque aenean auctor',20,'2023-09-21 11:06:17','2023-09-21 11:06:17',NULL),(169,9,'tortor duis mattis egestas metus',21,'2023-09-21 11:06:17','2023-09-21 11:06:17',NULL),(170,10,'adipiscing elit proin interdum mauris',22,'2023-09-21 11:06:17','2023-09-21 11:06:17',NULL),(171,1,'pede posuere nonummy integer',23,'2023-09-21 11:06:17','2023-09-21 11:06:17',NULL),(172,2,'est risus auctor sed tristique',24,'2023-09-21 11:06:17','2023-09-21 11:06:17',NULL),(173,3,'blandit non interdum in ante',25,'2023-09-21 11:06:17','2023-09-21 11:06:17',NULL),(174,4,'justo sollicitudin ut suscipit a',26,'2023-09-21 11:06:17','2023-09-21 11:06:17',NULL),(175,5,'diam in magna bibendum imperdiet',27,'2023-09-21 11:06:17','2023-09-21 11:06:17',NULL),(176,6,'morbi non quam nec',28,'2023-09-21 11:06:17','2023-09-21 11:06:17',NULL),(177,7,'vestibulum rutrum rutrum neque',29,'2023-09-21 11:06:17','2023-09-21 11:06:17',NULL),(178,8,'integer non velit',30,'2023-09-21 11:06:17','2023-09-21 11:06:17',NULL),(179,9,'eleifend donec ut',31,'2023-09-21 11:06:17','2023-09-21 11:06:17',NULL),(180,10,'tristique in tempus',32,'2023-09-21 11:06:17','2023-09-21 11:06:17',NULL),(181,1,'platea dictumst morbi vestibulum velit',33,'2023-09-21 11:06:17','2023-09-21 11:06:17',NULL),(182,2,'placerat ante nulla',34,'2023-09-21 11:06:17','2023-09-21 11:06:17',NULL),(183,3,'eros viverra eget',35,'2023-09-21 11:06:17','2023-09-21 11:06:17',NULL),(184,4,'nulla nisl nunc',36,'2023-09-21 11:06:17','2023-09-21 11:06:17',NULL),(185,5,'pellentesque volutpat dui maecenas',37,'2023-09-21 11:06:17','2023-09-21 11:06:17',NULL),(186,6,'aenean sit amet justo',1,'2023-09-21 11:06:17','2023-09-21 11:06:17',NULL),(187,7,'eu sapien cursus vestibulum',2,'2023-09-21 11:06:17','2023-09-21 11:06:17',NULL),(188,8,'praesent lectus vestibulum',3,'2023-09-21 11:06:17','2023-09-21 11:06:17',NULL),(189,9,'sed lacus morbi',4,'2023-09-21 11:06:17','2023-09-21 11:06:17',NULL),(190,10,'massa quis augue luctus',5,'2023-09-21 11:06:17','2023-09-21 11:06:17',NULL),(191,1,'quisque erat eros viverra eget',6,'2023-09-21 11:06:17','2023-09-21 11:06:17',NULL),(192,2,'sagittis dui vel nisl duis',7,'2023-09-21 11:06:17','2023-09-21 11:06:17',NULL),(193,3,'sit amet justo',8,'2023-09-21 11:06:17','2023-09-21 11:06:17',NULL),(194,4,'consequat metus sapien',9,'2023-09-21 11:06:17','2023-09-21 11:06:17',NULL),(195,5,'vel enim sit',10,'2023-09-21 11:06:17','2023-09-21 11:06:17',NULL),(196,6,'aliquam sit amet',11,'2023-09-21 11:06:17','2023-09-21 11:06:17',NULL),(197,7,'diam erat fermentum',12,'2023-09-21 11:06:17','2023-09-21 11:06:17',NULL),(198,8,'at lorem integer tincidunt ante',13,'2023-09-21 11:06:17','2023-09-21 11:06:17',NULL),(199,9,'a feugiat et eros',14,'2023-09-21 11:06:17','2023-09-21 11:06:17',NULL),(200,10,'sit amet turpis elementum',15,'2023-09-21 11:06:17','2023-09-21 11:06:17',NULL),(201,1,'habitasse platea dictumst maecenas',16,'2023-09-21 11:06:17','2023-09-21 11:06:17',NULL),(202,2,'sit amet sem',17,'2023-09-21 11:06:17','2023-09-21 11:06:17',NULL),(203,3,'in consequat ut nulla',18,'2023-09-21 11:06:17','2023-09-21 11:06:17',NULL),(204,4,'porttitor lorem id',19,'2023-09-21 11:06:17','2023-09-21 11:06:17',NULL),(205,5,'id lobortis convallis tortor risus',20,'2023-09-21 11:06:17','2023-09-21 11:06:17',NULL),(206,6,'ante ipsum primis in',21,'2023-09-21 11:06:17','2023-09-21 11:06:17',NULL),(207,7,'volutpat convallis morbi odio odio',22,'2023-09-21 11:06:17','2023-09-21 11:06:17',NULL),(208,8,'leo pellentesque ultrices mattis',23,'2023-09-21 11:06:17','2023-09-21 11:06:17',NULL),(209,9,'sodales scelerisque mauris sit amet',24,'2023-09-21 11:06:17','2023-09-21 11:06:17',NULL),(210,10,'porta volutpat quam',25,'2023-09-21 11:06:17','2023-09-21 11:06:17',NULL),(211,1,'aliquam lacus morbi quis tortor',26,'2023-09-21 11:06:17','2023-09-21 11:06:17',NULL),(212,2,'in quam fringilla rhoncus',27,'2023-09-21 11:06:17','2023-09-21 11:06:17',NULL),(213,3,'duis bibendum morbi non quam',28,'2023-09-21 11:06:17','2023-09-21 11:06:17',NULL),(214,4,'justo in blandit ultrices',29,'2023-09-21 11:06:17','2023-09-21 11:06:17',NULL),(215,5,'erat nulla tempus vivamus',30,'2023-09-21 11:06:17','2023-09-21 11:06:17',NULL),(216,6,'bibendum felis sed interdum',31,'2023-09-21 11:06:17','2023-09-21 11:06:17',NULL),(217,7,'pretium nisl ut volutpat sapien',32,'2023-09-21 11:06:17','2023-09-21 11:06:17',NULL),(218,8,'risus semper porta volutpat',33,'2023-09-21 11:06:17','2023-09-21 11:06:17',NULL),(219,9,'eleifend donec ut',34,'2023-09-21 11:06:17','2023-09-21 11:06:17',NULL),(220,10,'elementum nullam varius',35,'2023-09-21 11:06:17','2023-09-21 11:06:17',NULL),(221,1,'sed accumsan felis ut at',36,'2023-09-21 11:06:17','2023-09-21 11:06:17',NULL),(222,2,'nunc purus phasellus in felis',37,'2023-09-21 11:06:17','2023-09-21 11:06:17',NULL),(223,3,'habitasse platea dictumst',1,'2023-09-21 11:06:17','2023-09-21 11:06:17',NULL),(224,4,'ante vivamus tortor duis',2,'2023-09-21 11:06:17','2023-09-21 11:06:17',NULL),(225,5,'dictumst etiam faucibus cursus',3,'2023-09-21 11:06:17','2023-09-21 11:06:17',NULL),(226,6,'eros viverra eget congue',4,'2023-09-21 11:06:17','2023-09-21 11:06:17',NULL),(227,7,'at nibh in',5,'2023-09-21 11:06:17','2023-09-21 11:06:17',NULL),(228,8,'vitae nisi nam',6,'2023-09-21 11:06:17','2023-09-21 11:06:17',NULL),(229,9,'pede lobortis ligula sit amet',7,'2023-09-21 11:06:17','2023-09-21 11:06:17',NULL),(230,10,'lorem vitae mattis nibh ligula',8,'2023-09-21 11:06:17','2023-09-21 11:06:17',NULL),(231,1,'quam sapien varius ut',9,'2023-09-21 11:06:17','2023-09-21 11:06:17',NULL),(232,2,'tincidunt lacus at velit',10,'2023-09-21 11:06:17','2023-09-21 11:06:17',NULL),(233,3,'libero non mattis',11,'2023-09-21 11:06:17','2023-09-21 11:06:17',NULL),(234,4,'at nulla suspendisse potenti cras',12,'2023-09-21 11:06:17','2023-09-21 11:06:17',NULL),(235,5,'dolor sit amet consectetuer adipiscing',13,'2023-09-21 11:06:17','2023-09-21 11:06:17',NULL),(236,6,'porta volutpat erat',14,'2023-09-21 11:06:17','2023-09-21 11:06:17',NULL),(237,7,'nisi eu orci mauris lacinia',15,'2023-09-21 11:06:17','2023-09-21 11:06:17',NULL),(238,8,'turpis eget elit sodales scelerisque',16,'2023-09-21 11:06:17','2023-09-21 11:06:17',NULL),(239,9,'odio porttitor id',17,'2023-09-21 11:06:17','2023-09-21 11:06:17',NULL),(240,10,'lacinia erat vestibulum sed magna',18,'2023-09-21 11:06:17','2023-09-21 11:06:17',NULL),(241,1,'erat volutpat in congue etiam',19,'2023-09-21 11:06:17','2023-09-21 11:06:17',NULL),(242,2,'maecenas tincidunt lacus at velit',20,'2023-09-21 11:06:17','2023-09-21 11:06:17',NULL),(243,3,'proin eu mi nulla',21,'2023-09-21 11:06:17','2023-09-21 11:06:17',NULL),(244,4,'interdum in ante vestibulum',22,'2023-09-21 11:06:17','2023-09-21 11:06:17',NULL),(245,5,'erat curabitur gravida',23,'2023-09-21 11:06:17','2023-09-21 11:06:17',NULL),(246,6,'praesent blandit nam nulla integer',24,'2023-09-21 11:06:17','2023-09-21 11:06:17',NULL),(247,7,'sed vel enim sit amet',25,'2023-09-21 11:06:17','2023-09-21 11:06:17',NULL),(248,8,'vivamus tortor duis',26,'2023-09-21 11:06:17','2023-09-21 11:06:17',NULL),(249,9,'in ante vestibulum ante ipsum',27,'2023-09-21 11:06:17','2023-09-21 11:06:17',NULL),(250,10,'tempus sit amet',28,'2023-09-21 11:06:17','2023-09-21 11:06:17',NULL),(251,1,'tristique in tempus sit amet',29,'2023-09-21 11:06:17','2023-09-21 11:06:17',NULL),(252,2,'sem fusce consequat nulla',30,'2023-09-21 11:06:17','2023-09-21 11:06:17',NULL),(253,3,'eget rutrum at lorem integer',31,'2023-09-21 11:06:17','2023-09-21 11:06:17',NULL),(254,4,'ornare consequat lectus',32,'2023-09-21 11:06:17','2023-09-21 11:06:17',NULL),(255,5,'in faucibus orci',33,'2023-09-21 11:06:17','2023-09-21 11:06:17',NULL),(256,6,'massa id lobortis convallis tortor',34,'2023-09-21 11:06:17','2023-09-21 11:06:17',NULL),(257,7,'ante ipsum primis in',35,'2023-09-21 11:06:17','2023-09-21 11:06:17',NULL),(258,8,'non lectus aliquam sit amet',36,'2023-09-21 11:06:17','2023-09-21 11:06:17',NULL),(259,9,'convallis nulla neque',37,'2023-09-21 11:06:17','2023-09-21 11:06:17',NULL),(260,10,'curae donec pharetra',1,'2023-09-21 11:06:17','2023-09-21 11:06:17',NULL),(261,1,'nascetur ridiculus mus vivamus vestibulum',2,'2023-09-21 11:06:17','2023-09-21 11:06:17',NULL),(262,2,'donec odio justo',3,'2023-09-21 11:06:17','2023-09-21 11:06:17',NULL),(263,3,'nibh fusce lacus purus',4,'2023-09-21 11:06:17','2023-09-21 11:06:17',NULL),(264,4,'faucibus orci luctus et',5,'2023-09-21 11:06:17','2023-09-21 11:06:17',NULL),(265,5,'quisque erat eros',6,'2023-09-21 11:06:17','2023-09-21 11:06:17',NULL),(266,6,'quis augue luctus tincidunt',7,'2023-09-21 11:06:17','2023-09-21 11:06:17',NULL),(267,7,'lobortis ligula sit amet',8,'2023-09-21 11:06:17','2023-09-21 11:06:17',NULL),(268,8,'massa tempor convallis nulla',9,'2023-09-21 11:06:17','2023-09-21 11:06:17',NULL),(269,9,'commodo vulputate justo in blandit',10,'2023-09-21 11:06:17','2023-09-21 11:06:17',NULL),(270,10,'phasellus sit amet',11,'2023-09-21 11:06:17','2023-09-21 11:06:17',NULL),(271,1,'luctus tincidunt nulla',12,'2023-09-21 11:06:17','2023-09-21 11:06:17',NULL),(272,2,'quam sollicitudin vitae',13,'2023-09-21 11:06:17','2023-09-21 11:06:17',NULL),(273,3,'mus vivamus vestibulum sagittis',14,'2023-09-21 11:06:17','2023-09-21 11:06:17',NULL),(274,4,'lobortis ligula sit',15,'2023-09-21 11:06:17','2023-09-21 11:06:17',NULL),(275,5,'turpis donec posuere',16,'2023-09-21 11:06:17','2023-09-21 11:06:17',NULL),(276,6,'lacus at velit',17,'2023-09-21 11:06:17','2023-09-21 11:06:17',NULL),(277,7,'sem mauris laoreet ut rhoncus',18,'2023-09-21 11:06:17','2023-09-21 11:06:17',NULL),(278,8,'fusce posuere felis sed lacus',19,'2023-09-21 11:06:17','2023-09-21 11:06:17',NULL),(279,9,'cubilia curae donec',20,'2023-09-21 11:06:17','2023-09-21 11:06:17',NULL),(280,10,'etiam faucibus cursus urna ut',21,'2023-09-21 11:06:17','2023-09-21 11:06:17',NULL),(281,1,'eget vulputate ut',22,'2023-09-21 11:06:17','2023-09-21 11:06:17',NULL),(282,2,'dignissim vestibulum vestibulum ante',23,'2023-09-21 11:06:17','2023-09-21 11:06:17',NULL),(283,3,'posuere cubilia curae duis',24,'2023-09-21 11:06:17','2023-09-21 11:06:17',NULL),(284,4,'sapien a libero nam dui',25,'2023-09-21 11:06:17','2023-09-21 11:06:17',NULL),(285,5,'rhoncus sed vestibulum sit',26,'2023-09-21 11:06:17','2023-09-21 11:06:17',NULL),(286,6,'mi in porttitor pede',27,'2023-09-21 11:06:17','2023-09-21 11:06:17',NULL),(287,7,'ut volutpat sapien',28,'2023-09-21 11:06:17','2023-09-21 11:06:17',NULL),(288,8,'quam pede lobortis ligula sit',29,'2023-09-21 11:06:17','2023-09-21 11:06:17',NULL),(289,9,'ut erat id mauris vulputate',30,'2023-09-21 11:06:17','2023-09-21 11:06:17',NULL),(290,10,'nulla dapibus dolor',31,'2023-09-21 11:06:17','2023-09-21 11:06:17',NULL),(291,1,'enim blandit mi in',32,'2023-09-21 11:06:17','2023-09-21 11:06:17',NULL),(292,2,'purus aliquet at feugiat',33,'2023-09-21 11:06:17','2023-09-21 11:06:17',NULL),(293,3,'magnis dis parturient',34,'2023-09-21 11:06:17','2023-09-21 11:06:17',NULL),(294,4,'nec dui luctus',35,'2023-09-21 11:06:17','2023-09-21 11:06:17',NULL),(295,5,'neque vestibulum eget',36,'2023-09-21 11:06:17','2023-09-21 11:06:17',NULL),(296,6,'sit amet lobortis',37,'2023-09-21 11:06:17','2023-09-21 11:06:17',NULL),(297,7,'nam tristique tortor eu',1,'2023-09-21 11:06:17','2023-09-21 11:06:17',NULL),(298,8,'in blandit ultrices enim lorem',2,'2023-09-21 11:06:17','2023-09-21 11:06:17',NULL),(299,9,'tempus vel pede',3,'2023-09-21 11:06:17','2023-09-21 11:06:17',NULL),(300,10,'dapibus at diam nam tristique',4,'2023-09-21 11:06:17','2023-09-21 11:06:17',NULL),(301,1,'ipsum dolor sit amet',5,'2023-09-21 11:06:17','2023-09-21 11:06:17',NULL),(302,2,'a nibh in quis justo',6,'2023-09-21 11:06:17','2023-09-21 11:06:17',NULL),(303,3,'eget eros elementum pellentesque',7,'2023-09-21 11:06:17','2023-09-21 11:06:17',NULL),(304,4,'dolor morbi vel lectus',8,'2023-09-21 11:06:17','2023-09-21 11:06:17',NULL),(305,5,'diam in magna',9,'2023-09-21 11:06:17','2023-09-21 11:06:17',NULL),(306,6,'sed justo pellentesque viverra pede',10,'2023-09-21 11:06:17','2023-09-21 11:06:17',NULL),(307,7,'dolor morbi vel',11,'2023-09-21 11:06:17','2023-09-21 11:06:17',NULL),(308,8,'porta volutpat quam pede',12,'2023-09-21 11:06:17','2023-09-21 11:06:17',NULL),(309,9,'donec dapibus duis at',13,'2023-09-21 11:06:17','2023-09-21 11:06:17',NULL),(310,10,'a odio in',14,'2023-09-21 11:06:17','2023-09-21 11:06:17',NULL),(311,1,'sociis natoque penatibus et magnis',15,'2023-09-21 11:06:17','2023-09-21 11:06:17',NULL),(312,2,'risus semper porta volutpat',16,'2023-09-21 11:06:17','2023-09-21 11:06:17',NULL),(313,3,'congue eget semper rutrum',17,'2023-09-21 11:06:17','2023-09-21 11:06:17',NULL),(314,4,'diam neque vestibulum eget vulputate',18,'2023-09-21 11:06:17','2023-09-21 11:06:17',NULL),(315,5,'fermentum justo nec condimentum neque',19,'2023-09-21 11:06:17','2023-09-21 11:06:17',NULL),(316,6,'ut at dolor quis odio',20,'2023-09-21 11:06:17','2023-09-21 11:06:17',NULL),(317,7,'accumsan tellus nisi eu',21,'2023-09-21 11:06:17','2023-09-21 11:06:17',NULL),(318,8,'tincidunt nulla mollis molestie lorem',22,'2023-09-21 11:06:17','2023-09-21 11:06:17',NULL),(319,9,'quisque arcu libero rutrum ac',23,'2023-09-21 11:06:17','2023-09-21 11:06:17',NULL),(320,10,'ullamcorper purus sit amet nulla',24,'2023-09-21 11:06:17','2023-09-21 11:06:17',NULL),(321,1,'volutpat convallis morbi',25,'2023-09-21 11:06:17','2023-09-21 11:06:17',NULL),(322,2,'integer a nibh in',26,'2023-09-21 11:06:17','2023-09-21 11:06:17',NULL),(323,3,'in tempus sit amet sem',27,'2023-09-21 11:06:17','2023-09-21 11:06:17',NULL),(324,4,'dolor sit amet',28,'2023-09-21 11:06:17','2023-09-21 11:06:17',NULL),(325,5,'convallis eget eleifend',29,'2023-09-21 11:06:17','2023-09-21 11:06:17',NULL),(326,6,'a feugiat et eros',30,'2023-09-21 11:06:17','2023-09-21 11:06:17',NULL),(327,7,'odio justo sollicitudin',31,'2023-09-21 11:06:17','2023-09-21 11:06:17',NULL),(328,8,'nulla nunc purus',32,'2023-09-21 11:06:17','2023-09-21 11:06:17',NULL),(329,9,'convallis tortor risus dapibus augue',33,'2023-09-21 11:06:17','2023-09-21 11:06:17',NULL),(330,10,'elementum ligula vehicula',34,'2023-09-21 11:06:17','2023-09-21 11:06:17',NULL),(331,1,'quis libero nullam sit amet',35,'2023-09-21 11:06:17','2023-09-21 11:06:17',NULL),(332,2,'donec odio justo sollicitudin',36,'2023-09-21 11:06:17','2023-09-21 11:06:17',NULL),(333,3,'in purus eu magna',37,'2023-09-21 11:06:17','2023-09-21 11:06:17',NULL),(334,4,'id luctus nec molestie',1,'2023-09-21 11:06:17','2023-09-21 11:06:17',NULL),(335,5,'metus aenean fermentum',2,'2023-09-21 11:06:17','2023-09-21 11:06:17',NULL),(336,6,'orci vehicula condimentum',3,'2023-09-21 11:06:17','2023-09-21 11:06:17',NULL),(337,7,'ante ipsum primis in',4,'2023-09-21 11:06:17','2023-09-21 11:06:17',NULL),(338,8,'leo rhoncus sed',5,'2023-09-21 11:06:17','2023-09-21 11:06:17',NULL),(339,9,'porttitor pede justo',6,'2023-09-21 11:06:17','2023-09-21 11:06:17',NULL),(340,10,'elementum pellentesque quisque',7,'2023-09-21 11:06:17','2023-09-21 11:06:17',NULL),(341,1,'amet justo morbi ut odio',8,'2023-09-21 11:06:17','2023-09-21 11:06:17',NULL),(342,2,'sed accumsan felis ut',9,'2023-09-21 11:06:17','2023-09-21 11:06:17',NULL),(343,3,'in tempor turpis nec',10,'2023-09-21 11:06:17','2023-09-21 11:06:17',NULL),(344,4,'vel augue vestibulum',11,'2023-09-21 11:06:17','2023-09-21 11:06:17',NULL),(345,5,'curae mauris viverra',12,'2023-09-21 11:06:17','2023-09-21 11:06:17',NULL),(346,6,'elit sodales scelerisque mauris',13,'2023-09-21 11:06:17','2023-09-21 11:06:17',NULL),(347,7,'turpis enim blandit mi in',14,'2023-09-21 11:06:17','2023-09-21 11:06:17',NULL),(348,8,'blandit ultrices enim lorem',15,'2023-09-21 11:06:17','2023-09-21 11:06:17',NULL),(349,9,'hac habitasse platea',16,'2023-09-21 11:06:17','2023-09-21 11:06:17',NULL),(350,10,'pellentesque at nulla suspendisse',17,'2023-09-21 11:06:17','2023-09-21 11:06:17',NULL),(351,1,'gravida nisi at',18,'2023-09-21 11:06:17','2023-09-21 11:06:17',NULL),(352,2,'nulla suscipit ligula in lacus',19,'2023-09-21 11:06:17','2023-09-21 11:06:17',NULL),(353,3,'justo sollicitudin ut',20,'2023-09-21 11:06:17','2023-09-21 11:06:17',NULL),(354,4,'semper porta volutpat quam',21,'2023-09-21 11:06:17','2023-09-21 11:06:17',NULL),(355,5,'est lacinia nisi venenatis',22,'2023-09-21 11:06:17','2023-09-21 11:06:17',NULL),(356,6,'quis justo maecenas rhoncus aliquam',23,'2023-09-21 11:06:17','2023-09-21 11:06:17',NULL),(357,7,'ligula vehicula consequat morbi',24,'2023-09-21 11:06:17','2023-09-21 11:06:17',NULL),(358,8,'dapibus duis at',25,'2023-09-21 11:06:17','2023-09-21 11:06:17',NULL),(359,9,'laoreet ut rhoncus',26,'2023-09-21 11:06:17','2023-09-21 11:06:17',NULL),(360,10,'laoreet ut rhoncus aliquet pulvinar',27,'2023-09-21 11:06:17','2023-09-21 11:06:17',NULL),(361,1,'in faucibus orci luctus',28,'2023-09-21 11:06:17','2023-09-21 11:06:17',NULL),(362,2,'augue vel accumsan tellus',29,'2023-09-21 11:06:17','2023-09-21 11:06:17',NULL),(363,3,'ultrices aliquet maecenas leo odio',30,'2023-09-21 11:06:17','2023-09-21 11:06:17',NULL),(364,4,'pede venenatis non',31,'2023-09-21 11:06:17','2023-09-21 11:06:17',NULL),(365,5,'habitasse platea dictumst',32,'2023-09-21 11:06:17','2023-09-21 11:06:17',NULL),(366,6,'sapien iaculis congue vivamus metus',33,'2023-09-21 11:06:17','2023-09-21 11:06:17',NULL),(367,7,'et ultrices posuere',34,'2023-09-21 11:06:17','2023-09-21 11:06:17',NULL),(368,8,'nulla quisque arcu libero',35,'2023-09-21 11:06:17','2023-09-21 11:06:17',NULL),(369,9,'aliquam convallis nunc',36,'2023-09-21 11:06:17','2023-09-21 11:06:17',NULL),(370,10,'gravida sem praesent id',37,'2023-09-21 11:06:17','2023-09-21 11:06:17',NULL);
/*!40000 ALTER TABLE `Units` ENABLE KEYS */;
UNLOCK TABLES;

--
-- Table structure for table `Universities`
--

DROP TABLE IF EXISTS `Universities`;
/*!40101 SET @saved_cs_client     = @@character_set_client */;
/*!50503 SET character_set_client = utf8mb4 */;
CREATE TABLE `Universities` (
  `id` int NOT NULL AUTO_INCREMENT,
  `name` varchar(255) DEFAULT NULL,
  `acronym` varchar(255) DEFAULT NULL,
  `image` varchar(255) DEFAULT NULL,
  `createdAt` datetime NOT NULL,
  `updatedAt` datetime NOT NULL,
  `deletedAt` datetime DEFAULT NULL,
  PRIMARY KEY (`id`)
) ENGINE=InnoDB AUTO_INCREMENT=4 DEFAULT CHARSET=utf8mb4 COLLATE=utf8mb4_0900_ai_ci;
/*!40101 SET character_set_client = @saved_cs_client */;

--
-- Dumping data for table `Universities`
--

LOCK TABLES `Universities` WRITE;
/*!40000 ALTER TABLE `Universities` DISABLE KEYS */;
INSERT INTO `Universities` VALUES (1,'Universidad Nacional de Córdoba','UNC','unc_logo.png','2023-09-21 11:06:17','2023-09-21 11:06:17',NULL),(2,'Universidad Nacional de Cuyo','UNCUYO','uncuyo_logo.png','2023-09-21 11:06:17','2023-09-21 11:06:17',NULL),(3,'Universidad de Buenos Aires','UBA','uba_logo.png','2023-09-21 11:06:17','2023-09-21 11:06:17',NULL);
/*!40000 ALTER TABLE `Universities` ENABLE KEYS */;
UNLOCK TABLES;

--
-- Table structure for table `UserCourses`
--

DROP TABLE IF EXISTS `UserCourses`;
/*!40101 SET @saved_cs_client     = @@character_set_client */;
/*!50503 SET character_set_client = utf8mb4 */;
CREATE TABLE `UserCourses` (
  `id` int NOT NULL AUTO_INCREMENT,
  `userId` int DEFAULT NULL,
  `courseId` int DEFAULT NULL,
  `active` tinyint(1) DEFAULT NULL,
  `assessment` int DEFAULT NULL,
  `comment` text,
  `progress` int DEFAULT NULL,
  `validated` tinyint(1) DEFAULT NULL,
  `createdAt` datetime NOT NULL,
  `updatedAt` datetime NOT NULL,
  `deletedAt` datetime DEFAULT NULL,
  `continueConfirmationDate` datetime DEFAULT NULL,
  `continueConfirm` tinyint(1) DEFAULT NULL,
  PRIMARY KEY (`id`),
  KEY `userId` (`userId`),
  KEY `courseId` (`courseId`),
  CONSTRAINT `UserCourses_ibfk_1` FOREIGN KEY (`userId`) REFERENCES `Users` (`id`),
  CONSTRAINT `UserCourses_ibfk_2` FOREIGN KEY (`courseId`) REFERENCES `Courses` (`id`)
) ENGINE=InnoDB DEFAULT CHARSET=utf8mb4 COLLATE=utf8mb4_0900_ai_ci;
/*!40101 SET character_set_client = @saved_cs_client */;

--
-- Dumping data for table `UserCourses`
--

LOCK TABLES `UserCourses` WRITE;
/*!40000 ALTER TABLE `UserCourses` DISABLE KEYS */;
/*!40000 ALTER TABLE `UserCourses` ENABLE KEYS */;
UNLOCK TABLES;

--
-- Table structure for table `Users`
--

DROP TABLE IF EXISTS `Users`;
/*!40101 SET @saved_cs_client     = @@character_set_client */;
/*!50503 SET character_set_client = utf8mb4 */;
CREATE TABLE `Users` (
  `id` int NOT NULL AUTO_INCREMENT,
  `name` varchar(255) DEFAULT NULL,
  `surname` varchar(255) DEFAULT NULL,
  `email` varchar(255) DEFAULT NULL,
  `password` varchar(255) DEFAULT NULL,
  `terms` tinyint(1) DEFAULT NULL,
  `birthday` datetime DEFAULT NULL,
  `status` tinyint(1) DEFAULT NULL,
  `genderId` int DEFAULT NULL,
  `rolId` int DEFAULT NULL,
  `membershipId` int DEFAULT NULL,
  `entry` datetime DEFAULT NULL,
  `expires` datetime DEFAULT NULL,
  `address` varchar(255) DEFAULT NULL,
  `city` varchar(255) DEFAULT NULL,
  `province` varchar(255) DEFAULT NULL,
  `social_id` varchar(255) DEFAULT NULL,
  `createdAt` datetime NOT NULL,
  `updatedAt` datetime NOT NULL,
  `deletedAt` datetime DEFAULT NULL,
  `freeMembership` tinyint(1) DEFAULT NULL,
  `code` varchar(255) DEFAULT NULL,
  `verify` tinyint(1) DEFAULT NULL,
  `subscriptionId` varchar(255) DEFAULT NULL,
  `subscriptionStatus` varchar(255) DEFAULT NULL,
  `payerId` varchar(255) DEFAULT NULL,
  `confirmedSubscription` tinyint(1) DEFAULT NULL,
  `pendingMembershipId` tinyint(1) DEFAULT NULL,
  PRIMARY KEY (`id`),
  KEY `genderId` (`genderId`),
  KEY `rolId` (`rolId`),
  KEY `membershipId` (`membershipId`),
  CONSTRAINT `Users_ibfk_1` FOREIGN KEY (`genderId`) REFERENCES `Genders` (`id`),
  CONSTRAINT `Users_ibfk_2` FOREIGN KEY (`rolId`) REFERENCES `Rols` (`id`),
  CONSTRAINT `Users_ibfk_3` FOREIGN KEY (`membershipId`) REFERENCES `Memberships` (`id`)
) ENGINE=InnoDB AUTO_INCREMENT=3 DEFAULT CHARSET=utf8mb4 COLLATE=utf8mb4_0900_ai_ci;
/*!40101 SET character_set_client = @saved_cs_client */;

--
-- Dumping data for table `Users`
--

LOCK TABLES `Users` WRITE;
/*!40000 ALTER TABLE `Users` DISABLE KEYS */;
INSERT INTO `Users` VALUES (1,'ADMIN','HQ','hq.universitario@gmail.com','$2a$10$EgJQZtuOeFDHC2zWDSfX7ujrNa1Rcnt9oDQwdCq6/fWVdqbpWh0RG',1,NULL,NULL,NULL,1,NULL,NULL,NULL,NULL,NULL,NULL,NULL,'2023-09-21 11:06:17','2023-09-21 11:06:17',NULL,NULL,'bcb2a2b4-9ca6-418c-b2ed-a6226ac7c101',1,NULL,NULL,NULL,NULL,NULL),(2,'USER','HQ','user.hq@gmail.com','$2a$10$IbzY0tzgIp2aegahsxKxteuPFdL0UstDJ2fjPYjeLqbfWKY6q42WW',1,NULL,NULL,NULL,2,NULL,NULL,NULL,NULL,NULL,NULL,NULL,'2023-09-21 11:06:17','2023-09-21 11:06:17',NULL,NULL,'46983962-3319-4c13-ac0a-1af0b5b560ba',1,NULL,NULL,NULL,NULL,NULL);
/*!40000 ALTER TABLE `Users` ENABLE KEYS */;
UNLOCK TABLES;

--
-- Table structure for table `UserTests`
--

DROP TABLE IF EXISTS `UserTests`;
/*!40101 SET @saved_cs_client     = @@character_set_client */;
/*!50503 SET character_set_client = utf8mb4 */;
CREATE TABLE `UserTests` (
  `id` int NOT NULL AUTO_INCREMENT,
  `userId` int DEFAULT NULL,
  `testId` int DEFAULT NULL,
  `totalScore` int DEFAULT NULL,
  `score` int DEFAULT NULL,
  `corrects` int DEFAULT NULL,
  `effectiveness` int DEFAULT NULL,
  `time` int DEFAULT NULL,
  `createdAt` datetime NOT NULL,
  `updatedAt` datetime NOT NULL,
  `courseId` varchar(255) DEFAULT NULL,
  PRIMARY KEY (`id`),
  KEY `userId` (`userId`),
  KEY `testId` (`testId`),
  CONSTRAINT `UserTests_ibfk_1` FOREIGN KEY (`userId`) REFERENCES `Users` (`id`),
  CONSTRAINT `UserTests_ibfk_2` FOREIGN KEY (`testId`) REFERENCES `Tests` (`id`)
) ENGINE=InnoDB DEFAULT CHARSET=utf8mb4 COLLATE=utf8mb4_0900_ai_ci;
/*!40101 SET character_set_client = @saved_cs_client */;

--
-- Dumping data for table `UserTests`
--

LOCK TABLES `UserTests` WRITE;
/*!40000 ALTER TABLE `UserTests` DISABLE KEYS */;
/*!40000 ALTER TABLE `UserTests` ENABLE KEYS */;
UNLOCK TABLES;

--
-- Table structure for table `Uservideos`
--

DROP TABLE IF EXISTS `Uservideos`;
/*!40101 SET @saved_cs_client     = @@character_set_client */;
/*!50503 SET character_set_client = utf8mb4 */;
CREATE TABLE `Uservideos` (
  `id` int NOT NULL AUTO_INCREMENT,
  `userId` int DEFAULT NULL,
  `videoId` int DEFAULT NULL,
  `createdAt` datetime NOT NULL,
  `updatedAt` datetime NOT NULL,
  PRIMARY KEY (`id`),
  KEY `userId` (`userId`),
  KEY `videoId` (`videoId`),
  CONSTRAINT `Uservideos_ibfk_1` FOREIGN KEY (`userId`) REFERENCES `Users` (`id`),
  CONSTRAINT `Uservideos_ibfk_2` FOREIGN KEY (`videoId`) REFERENCES `videos` (`id`)
) ENGINE=InnoDB DEFAULT CHARSET=utf8mb4 COLLATE=utf8mb4_0900_ai_ci;
/*!40101 SET character_set_client = @saved_cs_client */;

--
-- Dumping data for table `Uservideos`
--

LOCK TABLES `Uservideos` WRITE;
/*!40000 ALTER TABLE `Uservideos` DISABLE KEYS */;
/*!40000 ALTER TABLE `Uservideos` ENABLE KEYS */;
UNLOCK TABLES;

--
-- Table structure for table `videos`
--

DROP TABLE IF EXISTS `Videos`;
/*!40101 SET @saved_cs_client     = @@character_set_client */;
/*!50503 SET character_set_client = utf8mb4 */;
CREATE TABLE `Videos` (
  `id` int NOT NULL AUTO_INCREMENT,
  `resource` varchar(255) DEFAULT NULL,
  `title` varchar(255) DEFAULT NULL,
  `description` varchar(255) DEFAULT NULL,
  `length` int DEFAULT NULL,
  `locked` tinyint(1) DEFAULT NULL,
  `visible` tinyint(1) DEFAULT NULL,
  `order` int DEFAULT NULL,
  `courseId` int DEFAULT NULL,
  `categoryId` int DEFAULT NULL,
  `unitId` int DEFAULT NULL,
  `year` int DEFAULT NULL,
  `turnId` int DEFAULT NULL,
  `createdAt` datetime NOT NULL,
  `updatedAt` datetime NOT NULL,
  `deletedAt` datetime DEFAULT NULL,
  PRIMARY KEY (`id`),
  KEY `courseId` (`courseId`),
  KEY `categoryId` (`categoryId`),
  KEY `unitId` (`unitId`),
  KEY `turnId` (`turnId`),
  CONSTRAINT `Videos_ibfk_1` FOREIGN KEY (`courseId`) REFERENCES `Courses` (`id`),
  CONSTRAINT `Videos_ibfk_2` FOREIGN KEY (`categoryId`) REFERENCES `Categories` (`id`),
  CONSTRAINT `Videos_ibfk_3` FOREIGN KEY (`unitId`) REFERENCES `Units` (`id`),
  CONSTRAINT `Videos_ibfk_4` FOREIGN KEY (`turnId`) REFERENCES `Turns` (`id`)
) ENGINE=InnoDB DEFAULT CHARSET=utf8mb4 COLLATE=utf8mb4_0900_ai_ci;
/*!40101 SET character_set_client = @saved_cs_client */;

--
-- Dumping data for table `Videos`
--

LOCK TABLES `Videos` WRITE;
/*!40000 ALTER TABLE `Videos` DISABLE KEYS */;
/*!40000 ALTER TABLE `Videos` ENABLE KEYS */;
UNLOCK TABLES;

--
-- Table structure for table `Years`
--

DROP TABLE IF EXISTS `Years`;
/*!40101 SET @saved_cs_client     = @@character_set_client */;
/*!50503 SET character_set_client = utf8mb4 */;
CREATE TABLE `Years` (
  `id` int NOT NULL AUTO_INCREMENT,
  `annum` int DEFAULT NULL,
  `createdAt` datetime NOT NULL,
  `updatedAt` datetime NOT NULL,
  PRIMARY KEY (`id`)
) ENGINE=InnoDB DEFAULT CHARSET=utf8mb4 COLLATE=utf8mb4_0900_ai_ci;
/*!40101 SET character_set_client = @saved_cs_client */;

--
-- Dumping data for table `Years`
--

LOCK TABLES `Years` WRITE;
/*!40000 ALTER TABLE `Years` DISABLE KEYS */;
/*!40000 ALTER TABLE `Years` ENABLE KEYS */;
UNLOCK TABLES;
/*!40103 SET TIME_ZONE=@OLD_TIME_ZONE */;

/*!40101 SET SQL_MODE=@OLD_SQL_MODE */;
/*!40014 SET FOREIGN_KEY_CHECKS=@OLD_FOREIGN_KEY_CHECKS */;
/*!40014 SET UNIQUE_CHECKS=@OLD_UNIQUE_CHECKS */;
/*!40101 SET CHARACTER_SET_CLIENT=@OLD_CHARACTER_SET_CLIENT */;
/*!40101 SET CHARACTER_SET_RESULTS=@OLD_CHARACTER_SET_RESULTS */;
/*!40101 SET COLLATION_CONNECTION=@OLD_COLLATION_CONNECTION */;
/*!40111 SET SQL_NOTES=@OLD_SQL_NOTES */;

-- Dump completed on 2023-09-21  8:16:14
